,address,construction-age-band,postcode,constituency,main-heating-controls,uprn,current-energy-efficiency,mainheat-description,msoa_code,lsoa_code,num_households,lighting-description,glazed-type_double glazing installed before 2002,glazed-type_double glazing installed during or after 2002,"glazed-type_double glazing, unknown install date","glazed-type_double, known data",glazed-type_secondary glazing,glazed-type_single glazing,glazed-type_triple glazing,"glazed-type_triple, known data",mainheatcont-description_node1,mainheatcont-description_node10,mainheatcont-description_node11,mainheatcont-description_node2,mainheatcont-description_node3,mainheatcont-description_node4,mainheatcont-description_node5,mainheatcont-description_node6,mainheatcont-description_node7,mainheatcont-description_node8,mainheatcont-description_node9,property-type_Bungalow,property-type_Flat,property-type_House,property-type_Maisonette,property-type_Park home,energy-tariff_node1,energy-tariff_node2,energy-tariff_node3,energy-tariff_node4,energy-tariff_node5,"mechanical-ventilation_mechanical, extract only","mechanical-ventilation_mechanical, supply and extract",mechanical-ventilation_natural,solar-water-heating-flag_False,solar-water-heating-flag_True,floor-description_node1,floor-description_node2,floor-description_node3,floor-description_node4,floor-description_node5,floor-description_node6,floor-description_node7,local-authority_E06000023,local-authority_E06000040,local-authority_E07000192,local-authority_E07000194,local-authority_E07000196,local-authority_E07000218,local-authority_E07000219,local-authority_E07000220,local-authority_E07000221,local-authority_E07000222,local-authority_E07000234,local-authority_E08000025,local-authority_E08000026,local-authority_E08000027,local-authority_E08000028,local-authority_E08000029,local-authority_E08000030,local-authority_E08000031,local-authority_E09000026,built-form_Detached,built-form_Enclosed End-Terrace,built-form_Enclosed Mid-Terrace,built-form_End-Terrace,built-form_Mid-Terrace,built-form_Semi-Detached,windows-description_node1,windows-description_node2,windows-description_node3,windows-description_node4,mains-gas-flag_N,mains-gas-flag_Y,roof-description_node1,roof-description_node10,roof-description_node2,roof-description_node3,roof-description_node4,roof-description_node5,roof-description_node6,roof-description_node7,roof-description_node8,roof-description_node9,main-fuel_node2,main-fuel_node3,main-fuel_node4,main-fuel_node5,main-fuel_node6,main-fuel_node7,transaction-type_ECO assessment,transaction-type_FiT application,transaction-type_RHI application,transaction-type_Stock condition survey,transaction-type_assessment for green deal,transaction-type_following green deal,transaction-type_marketed sale,transaction-type_new dwelling,transaction-type_non marketed sale,transaction-type_none of the above,transaction-type_not sale or rental,transaction-type_rental,transaction-type_rental (private),transaction-type_rental (social),tenure_owner-occupied,tenure_rental (private),tenure_rental (social),walls-description_node1,walls-description_node2,walls-description_node3,walls-description_node4,walls-description_node5,walls-description_node6,walls-description_node7,walls-description_node8,walls-description_node9,hotwater-description_node1,hotwater-description_node2,hotwater-description_node3,hotwater-description_node4,hotwater-description_node5,hotwater-description_node6,hotwater-description_node7,photo-supply-binary_False,photo-supply-binary_True,secondheat-description_node1,secondheat-description_node2,secondheat-description_node3,secondheat-description_node4,secondheat-description_node5,secondheat-description_node6,current-energy-rating,floor-height,mainheat-energy-eff,windows-env-eff,lighting-energy-eff,heating-cost-current,hot-water-cost-current,number-heated-rooms,number-open-fireplaces,glazed-area,inspection-date,roof-energy-eff,total-floor-area,number-habitable-rooms,hot-water-env-eff,mainheatc-energy-eff,lighting-env-eff,windows-energy-eff,roof-env-eff,walls-energy-eff,photo-supply,mainheat-env-eff,multi-glaze-proportion,lodgement-datetime,walls-env-eff,energy-consumption-current,lighting-cost-current,extension-count,mainheatc-env-eff,wind-turbine-count,hot-water-energy-eff,low-energy-lighting,num_meter,total_consumption,mean_counsumption,median_consumption,prop_households_fuel_poor,LATITUDE,LONGITUDE,percentage-low-energy-lighting
0,"3, Ufton Crescent, Shirley",1966-01-01,25653,25,,100071015706.0,37,0,261,1249,752.0,20.0,1,0,0,0,0,0,0,0,0,0,0,0,0,0,0,0,0,0,1,0,0,1,0,0,0,1,0,0,0,0,0,1,1,0,0,0,0,0,1,0,0,0,0,0,0,0,0,0,0,0,0,0,0,0,0,0,1,0,0,0,1,0,0,0,0,0,1,0,0,0,0,1,0,0,0,1,0,0,0,0,0,0,0,0,0,0,1,0,0,0,0,0,0,0,0,0,0,0,0,0,1,0,0,1,0,0,0,0,1,0,0,0,0,0,0,0,1,0,0,0,0,1,0,1,0,0,0,0,0,F,2.4,3.0,2.0,2.0,1088.0,127.0,4.0,0.0,2.0,719163.0,3.0,106.8,4.0,3.0,1.0,2.0,2.0,3.0,1.0,0.0,3.0,100.0,719163.0,1.0,521.0,69.0,1.0,1.0,0.0,3.0,40.0,773.0,3091316.683193277,3999.11601965495,3428.4,10.50531914893617,52.4117559,-1.8121391,40.0
1,"29, Scott Street",2006-01-01,35770,35,,10008751287.0,76,1,221,1033,897.0,79.0,0,1,0,0,0,0,0,0,0,0,0,0,0,0,1,0,0,0,0,0,1,0,0,0,0,0,0,0,1,0,0,1,0,0,1,0,0,0,0,0,0,0,0,0,0,0,0,0,0,0,0,0,0,0,0,1,0,0,0,0,0,0,0,0,1,0,1,0,0,0,1,0,0,0,0,1,0,0,0,0,0,0,0,0,0,0,0,1,0,0,0,0,0,0,0,0,0,0,0,0,1,0,0,1,0,0,0,0,0,0,0,0,0,1,0,0,0,1,0,0,0,1,0,0,0,0,0,1,0,C,2.32647965420778,1.0,3.0,4.0,280.0,147.0,3.0,0.0,2.0,719163.0,3.0,57.0,3.0,0.0,3.0,4.0,3.0,3.0,3.0,0.0,0.0,100.0,719163.0,3.0,221.0,45.0,0.0,3.0,0.0,2.0,89.0,867.0,3055014.643956045,3523.661642394516,2950.0,14.715719063545151,52.5288669,-2.0399121,89.0
2,"33, Scotland Lane",1966-01-01,11364,1,,100070505582.0,57,0,98,1658,1164.0,12.0,0,1,0,0,0,0,0,0,0,0,1,0,0,0,0,0,0,0,0,0,0,1,0,0,0,1,0,0,0,0,0,1,0,0,0,0,1,0,0,0,0,0,0,0,0,0,0,0,0,0,0,0,1,0,0,0,0,0,0,0,0,0,0,0,1,0,1,0,0,0,0,1,0,0,0,0,0,0,0,1,0,0,0,0,1,0,0,0,0,0,0,0,0,0,0,0,0,1,0,0,0,0,1,0,0,0,0,0,1,0,0,0,0,0,0,0,1,0,0,0,0,1,0,1,0,0,0,0,0,D,2.480353436814087,3.0,3.0,1.0,749.0,89.0,4.0,0.0,2.0,719163.0,0.0,73.0,4.0,3.0,3.0,1.0,3.0,0.0,1.0,0.0,3.0,100.0,719163.0,1.0,284.0,86.0,0.0,3.0,0.0,3.0,10.0,1120.0,3826013.260855612,3416.083268621082,2794.4,26.718213058419245,52.4319434,-2.0022733,10.0
3,"71, Brockworth Road",1975-01-01,2310,8,,100070307476.0,74,0,112,90,827.0,6.0,0,0,1,0,0,0,0,0,0,0,1,0,0,0,0,0,0,0,0,0,1,0,0,0,0,1,0,0,0,0,0,1,1,0,1,0,0,0,0,0,0,0,0,0,0,0,0,0,0,0,0,0,1,0,0,0,0,0,0,0,0,0,0,0,1,0,1,0,0,0,0,1,0,0,0,1,0,0,0,0,0,0,0,0,1,0,0,0,0,0,0,0,0,0,0,0,0,0,0,0,0,1,0,0,1,0,0,0,0,0,0,0,1,0,0,0,1,0,0,0,0,1,0,0,1,0,0,0,0,C,2.3889210705761244,3.0,2.0,4.0,302.0,102.0,2.0,0.0,2.0,719163.0,3.0,50.0,2.0,3.0,3.0,4.0,2.0,3.0,2.0,0.3399961736104093,3.0,100.0,719163.0,2.0,195.0,37.0,0.0,3.0,0.0,3.0,100.0,780.0,2833278.219999998,3632.407974358972,2946.3,21.28174123337364,52.4078591,-1.9079854,92.45728093493656
4,"24, Adare Drive",1975-01-01,30303,15,,100070609709.0,70,0,152,615,1129.0,8.0,0,0,1,0,0,0,0,0,0,0,1,0,0,0,0,0,0,0,0,0,1,0,0,0,0,1,0,0,0,0,0,1,1,0,1,0,0,0,0,0,0,0,0,0,0,0,0,0,0,0,0,0,0,1,0,0,0,0,0,0,0,1,0,0,0,0,1,0,0,0,0,1,1,0,0,0,0,0,0,0,0,0,0,0,0,0,1,0,0,0,0,0,0,0,1,0,0,0,0,0,0,0,1,0,0,0,0,0,0,0,0,0,1,0,0,0,1,0,0,0,0,1,0,0,1,0,0,0,0,C,2.3,4.0,2.0,1.0,401.0,80.0,3.0,0.0,2.0,719163.0,0.0,66.325,3.0,4.0,2.0,1.0,2.0,0.0,3.0,0.0,4.0,100.0,719163.0,3.0,255.0,60.0,0.0,2.0,0.0,4.0,14.0,1166.0,2641223.602621373,2265.200345301349,3049.4,12.311780336581045,52.3966779,-1.5163615,14.0
5,"4, Watermead Grange, Brownhills",,42647,0,,10090067902.0,81,0,272,1351,852.0,18.0,0,0,0,0,0,0,0,0,0,0,1,0,0,0,0,0,0,0,0,0,0,1,0,0,0,0,0,1,0,0,0,0,0,0,0,0,0,0,0,0,1,0,0,0,0,0,0,0,0,0,0,0,0,0,0,0,0,1,0,0,0,0,0,0,1,0,0,0,1,0,0,0,0,0,0,0,0,0,1,0,0,0,0,0,0,0,1,0,0,0,0,0,0,0,0,1,0,0,0,0,0,0,0,0,0,0,0,0,0,0,1,0,0,0,0,0,1,0,0,0,0,0,0,0,1,0,0,0,0,B,2.354726778782897,3.0,4.0,2.0,291.0,88.0,4.458401121154116,0.0,2.0281511683417395,719163.0,3.0,101.0,4.401306201715363,3.0,3.0,2.0,4.0,3.0,3.0,0.2770178816935251,3.0,133.42978079235593,719163.0,3.0,93.0,102.0,0.4349379857428486,3.0,0.0003073096876767,3.0,37.295869885361256,940.0,3692499.466666668,3928.190921985817,3256.35,13.145539906103288,52.6468114,-1.9366613,25.0
6,6 Robert Mounford Way,,31056,15,,10024027317.0,74,1,157,1617,1228.0,28.0,0,0,0,0,0,0,0,0,1,0,0,0,0,0,0,0,0,0,0,0,0,1,0,0,0,0,1,0,0,0,0,0,0,0,0,0,0,0,0,0,1,0,0,0,0,0,0,0,0,0,0,0,0,1,0,0,0,0,0,0,0,0,0,0,0,1,1,0,0,0,0,0,0,0,0,0,0,0,1,0,0,0,0,1,0,0,0,0,0,0,0,0,0,0,0,1,0,0,0,0,0,0,0,0,0,0,0,0,0,0,0,1,0,0,0,0,1,0,0,0,0,0,0,0,1,0,0,0,0,C,2.31,1.0,3.0,4.0,212.0,161.0,3.9460986543040506,0.0098607140503998,2.022954197203428,719163.0,3.0,62.7,3.963394583732274,3.0,4.0,4.0,3.0,3.0,4.0,0.2191247246100891,3.0,106.10553440126525,719163.0,4.0,158.0,41.0,0.0421942980070172,4.0,0.0,1.0,79.9872222378178,1335.0,4260642.185892669,3191.492274076906,2648.2,27.36156351791531,52.3989004,-1.5757998,75.0
7,"69, Heathy Rise",1966-01-01,11333,1,,100070401362.0,61,0,86,34,682.0,36.0,0,0,1,0,0,0,0,0,0,0,1,0,0,0,0,0,0,0,0,0,0,1,0,0,0,0,0,0,1,0,0,1,1,0,0,0,1,0,0,0,0,0,0,0,0,0,0,0,0,0,0,0,1,0,0,0,0,0,0,0,0,0,0,0,1,0,1,0,0,0,0,1,0,0,0,1,0,0,0,0,0,0,0,0,1,0,0,0,0,0,0,0,0,0,1,0,0,0,0,0,0,0,1,0,0,0,0,1,0,0,0,0,0,0,0,0,1,0,0,0,0,1,0,0,0,0,0,1,0,D,2.486196892696296,3.0,2.0,2.0,720.0,136.0,4.0,0.0,2.0,719163.0,3.0,83.0,4.0,3.0,3.0,2.0,2.0,3.0,0.0,0.1892525446614512,3.0,100.0,719163.0,0.0,261.0,101.0,1.0,3.0,0.0,3.0,38.0,637.0,2458995.800000004,3860.275981161702,2929.2,14.95601173020528,52.4436029,-2.0129698,38.0
8,"35, Thornhill Road, Handsworth",1929-01-01,5315,7,2107.0,100070539181.0,43,0,37,434,507.0,3.0,0,0,1,0,0,0,0,0,0,0,0,0,0,0,0,0,0,0,1,0,0,1,0,0,0,1,0,0,0,0,0,1,1,0,0,0,0,0,1,0,0,0,0,0,0,0,0,0,0,0,0,0,1,0,0,0,0,0,0,0,0,0,0,0,1,0,1,0,0,0,0,1,0,0,0,0,0,0,0,1,0,0,0,0,1,0,0,0,1,0,0,0,0,0,0,0,0,0,0,0,0,0,1,0,0,0,0,0,0,1,0,0,0,0,0,0,1,0,0,0,0,1,0,0,1,0,0,0,0,E,2.6,3.0,2.0,2.0,1916.0,142.0,7.0,0.0,2.0,719163.0,0.0,150.0,7.0,3.0,2.0,2.0,2.0,0.0,0.0,0.2303023492104854,3.0,100.0,719163.0,0.0,386.0,133.0,3.0,2.0,0.0,3.0,33.0,504.0,1916140.200000002,3801.86547619048,2998.15,27.2189349112426,52.5030599,-1.928369,33.0
9,"18, Edward Road",1949-01-01,17513,18,,90075896.0,63,0,202,795,690.0,81.0,0,1,0,0,0,0,0,0,0,0,1,0,0,0,0,0,0,0,0,0,0,1,0,0,0,1,0,0,0,0,0,1,1,0,0,0,0,0,1,0,0,0,0,0,0,0,0,0,0,0,0,0,0,0,1,0,0,0,0,0,0,0,0,1,0,0,1,0,0,0,0,1,1,0,0,0,0,0,0,0,0,0,0,0,0,0,1,0,0,0,0,0,0,0,1,0,0,0,0,0,0,0,1,0,0,0,0,0,0,1,0,0,0,0,0,0,1,0,0,0,0,1,0,1,0,0,0,0,0,D,2.45,4.0,3.0,2.0,587.0,67.0,4.0,0.0,2.0,719163.0,1.0,63.86,4.0,4.0,3.0,2.0,3.0,1.0,0.0,0.0,4.0,100.0,719163.0,0.0,327.0,58.0,0.0,3.0,0.0,4.0,26.0,662.0,2258196.411764705,3411.172827439132,2740.45,20.72463768115941,52.4531512,-2.0647702,26.0
10,"Flat 1, 6 Northumberland Road",1929-01-01,27917,14,,200001563669.0,67,0,141,711,840.0,6.0,0,0,1,0,0,0,0,0,0,0,1,0,0,0,0,0,0,0,0,0,1,0,0,0,0,1,0,0,0,0,0,1,1,0,0,0,0,0,1,0,0,0,0,0,0,0,0,0,0,0,0,0,0,1,0,0,0,0,0,0,0,0,0,0,1,0,1,0,0,0,0,1,0,0,0,0,0,1,0,0,0,0,0,0,1,0,0,0,0,0,0,0,0,0,1,0,0,0,0,0,0,0,1,0,0,0,0,0,0,1,0,0,0,0,0,0,1,0,0,0,0,1,0,0,1,0,0,0,0,D,2.76,3.0,2.0,4.0,211.0,102.0,1.0,0.0,2.0,719163.0,2.2179107666015625,14.0,1.0,3.0,3.0,4.0,2.0,2.2178955078125,0.0,0.0,3.0,100.0,719163.0,0.0,505.0,19.0,0.0,3.0,0.0,3.0,100.0,629.0,2886526.50730976,4589.072348664165,3089.6,29.04761904761905,52.4109374,-1.5246132,91.21405987817772
11,"16a, Britannia Road",1966-01-01,46293,37,,100071120174.0,66,0,341,1457,910.0,21.0,0,1,0,0,0,0,0,0,0,0,1,0,0,0,0,0,0,0,0,0,1,0,0,0,0,1,0,0,0,0,0,1,0,0,0,0,1,0,0,0,0,0,0,0,0,0,0,0,0,0,0,0,0,0,0,0,0,0,1,0,0,0,0,0,0,1,1,0,0,0,0,1,0,0,0,0,0,1,0,0,0,0,0,0,1,0,0,0,0,0,0,0,0,0,1,0,0,0,0,0,0,0,1,0,0,0,0,1,0,0,0,0,0,0,0,0,1,0,0,0,0,1,0,0,0,0,0,1,0,D,2.3,3.0,3.0,1.0,387.0,67.0,2.0,0.0,2.0,719163.0,2.21795654296875,42.69,2.0,3.0,3.0,1.0,3.0,2.21807861328125,0.0,0.0,3.0,100.0,719163.0,0.0,251.0,46.0,0.0,3.0,0.0,3.0,20.0,857.0,2796388.968907565,3262.997629997159,2862.2,24.3956043956044,52.5559392,-2.0642663,20.0
12,"79, Almond Tree Avenue",1949-01-01,28408,13,2106.0,100070612026.0,65,0,125,666,703.0,8.0,0,0,1,0,0,0,0,0,0,0,1,0,0,0,0,0,0,0,0,0,1,0,0,0,0,1,0,0,0,0,0,1,0,0,0,0,1,0,0,0,0,0,0,0,0,0,0,0,0,0,0,0,0,1,0,0,0,0,0,0,0,0,0,1,0,0,1,0,0,0,0,1,0,0,0,0,0,1,0,0,0,0,0,0,1,0,0,0,0,0,0,0,0,0,0,0,0,0,0,0,0,1,0,0,1,0,0,0,1,0,0,0,0,0,0,0,1,0,0,0,0,1,0,1,0,0,0,0,0,D,2.4501708640854387,3.0,2.0,1.0,545.0,41.0,3.0,0.0,2.0,719163.0,2.217926025390625,68.0,3.0,3.0,3.0,1.0,2.0,2.217987060546875,1.0,0.0,3.0,100.0,719163.0,1.0,229.0,76.0,0.0,3.0,0.0,3.0,14.0,787.0,2833087.466666667,3599.857009741635,2869.1,23.89758179231864,52.4429416,-1.4700882,14.0
13,"90, Yoxall Road, Shirley",1949-01-01,25646,25,,100071021510.0,59,0,261,1249,752.0,18.0,1,0,0,0,0,0,0,0,0,0,1,0,0,0,0,0,0,0,0,0,0,1,0,0,0,1,0,0,0,0,0,1,1,0,0,0,0,0,1,0,0,0,0,0,0,0,0,0,0,0,0,0,0,0,0,0,1,0,0,0,0,0,0,0,0,1,1,0,0,0,0,1,0,0,0,1,0,0,0,0,0,0,0,0,1,0,0,0,0,0,0,0,0,0,1,0,0,0,0,0,0,0,1,0,0,0,0,0,0,1,0,0,0,0,0,0,1,0,0,0,0,1,0,1,0,0,0,0,0,D,2.4284795353524995,3.0,2.0,2.0,674.0,81.0,5.0,0.0,2.0,719163.0,3.0,66.0,5.0,3.0,3.0,2.0,2.0,3.0,0.0,-0.0959267149123133,3.0,100.0,719163.0,0.0,330.0,91.0,0.0,3.0,0.0,3.0,25.0,773.0,3091316.683193277,3999.11601965495,3428.4,10.50531914893617,52.408948,-1.8102398,25.0
14,"4, St. Lukes Terrace",2006-01-01,33615,16,,90164097.0,77,0,174,939,732.0,8.0,0,1,0,0,0,0,0,0,0,0,0,0,0,0,0,0,0,0,1,0,0,1,0,0,0,1,0,0,0,0,0,1,0,0,0,1,0,0,0,0,0,0,0,0,0,0,0,0,0,0,0,0,0,0,1,0,0,0,0,0,0,0,0,0,1,0,1,0,0,0,0,1,0,0,0,1,0,0,0,0,0,0,0,0,1,0,0,0,0,0,0,0,0,0,0,0,0,0,0,0,1,0,0,1,0,0,0,0,0,0,0,0,0,1,0,0,1,0,0,0,0,1,0,0,1,0,0,0,0,C,2.3676293001949387,3.0,3.0,1.0,274.0,91.0,3.0,0.0,2.0,719163.0,3.0,58.0,3.0,3.0,2.0,1.0,3.0,3.0,3.0,0.0,3.0,100.0,719163.0,3.0,133.0,77.0,0.0,2.0,0.0,3.0,14.0,707.0,2470998.507668803,3495.047394156723,2822.8,20.62841530054645,52.5073827,-2.0980301,14.0
15,"38, Haigh Crescent",,5688,2,,10091518509.0,83,0,22,1661,1111.0,6.0,0,0,0,0,0,0,0,0,0,0,1,0,0,0,0,0,0,0,0,0,0,1,0,0,0,0,0,1,0,0,0,0,0,0,0,0,0,1,0,0,0,0,0,0,0,0,0,0,0,0,0,0,1,0,0,0,0,0,0,0,0,0,0,0,0,1,0,0,1,0,0,0,0,0,0,0,0,0,0,0,0,1,0,0,0,0,1,0,0,0,0,0,0,0,0,1,0,0,0,0,0,0,1,0,0,0,0,0,0,0,0,1,0,0,0,0,1,0,0,0,0,0,0,0,1,0,0,0,0,B,2.310938129599751,3.0,4.0,4.0,237.0,83.0,4.300370389681813,0.0,2.012456374357243,719163.0,4.0,76.0,4.094874900463137,3.0,3.0,4.0,4.0,4.0,4.0,0.4806759166238321,3.0,129.5162367059957,719163.0,4.0,96.0,52.0,0.1213355061096037,3.0,0.0002371039094928,3.0,88.04628704898172,1304.0,4170757.2,3198.433435582822,2548.85,17.911791179117913,52.5305133,-1.8359633,87.71028175459784
16,"21, Pritchard Close",1975-01-01,18760,33,,32144457.0,65,0,231,1115,733.0,7.0,0,0,0,0,0,0,0,0,0,0,0,0,0,0,0,0,0,0,1,0,1,0,0,0,0,1,0,0,0,0,0,1,1,0,1,0,0,0,0,0,0,0,0,0,0,0,0,0,0,0,0,0,0,0,0,1,0,0,0,0,0,0,0,1,0,0,0,1,0,0,0,1,0,0,0,1,0,0,0,0,0,0,0,0,0,0,1,0,0,0,0,0,0,0,1,0,0,0,0,0,0,0,1,0,0,0,0,0,0,0,0,0,1,0,0,0,1,0,0,0,0,1,0,0,1,0,0,0,0,D,2.3,2.0,0.0,0.0,493.0,161.0,4.0,0.0,2.0,719163.0,3.0,75.9,4.0,3.0,2.0,0.0,0.0,3.0,2.0,0.0,3.0,0.0,719163.0,2.0,284.0,82.0,0.0,2.0,0.0,2.0,0.0,884.0,3553437.886906038,4019.726116409545,2523.4,27.012278308321964,52.4897878,-1.9603189,0.0
17,"35, Cheveral Avenue",1949-01-01,32405,14,,100070633084.0,65,0,132,686,938.0,6.0,0,1,0,0,0,0,0,0,0,1,0,0,0,0,0,0,0,0,0,0,0,1,0,0,0,1,0,0,0,0,0,1,1,0,0,0,0,0,1,0,0,0,0,0,0,0,0,0,0,0,0,0,0,1,0,0,0,0,0,0,0,0,0,0,0,1,1,0,0,0,0,1,0,0,0,0,1,0,0,0,0,0,0,0,1,0,0,0,0,0,0,0,0,0,1,0,0,0,0,0,0,0,1,0,0,0,0,0,0,0,0,0,1,0,0,0,1,0,0,0,0,1,0,1,0,0,0,0,0,D,2.4,3.0,3.0,4.0,541.0,177.0,5.0,0.0,2.0,719163.0,2.0,69.0,5.0,2.0,3.0,4.0,3.0,2.0,3.0,0.1963625454137427,3.0,100.0,719163.0,3.0,267.0,47.0,0.0,3.0,0.0,2.0,100.0,954.0,3229199.390322583,3384.905021302498,2929.9,20.8955223880597,52.4213231,-1.5171076,93.9161525521486
18,"47, Forknell Avenue",1949-01-01,28851,13,2106.0,100070648996.0,70,0,139,718,677.0,18.0,0,1,0,0,0,0,0,0,0,0,1,0,0,0,0,0,0,0,0,0,0,1,0,0,0,0,0,0,0,0,0,1,0,0,0,0,1,0,0,0,0,0,0,0,0,0,0,0,0,0,0,0,0,1,0,0,0,0,0,0,0,0,0,0,1,0,1,0,0,0,0,1,0,0,0,1,0,0,0,0,0,0,0,0,1,0,0,0,0,0,0,0,0,0,1,0,0,0,0,0,0,0,1,0,0,0,0,0,0,1,0,0,0,0,0,0,1,0,0,0,0,1,0,0,1,0,0,0,0,C,2.4475802794327493,3.0,3.0,2.0,400.0,91.0,3.0,0.0,2.0,719163.0,3.0,55.0,3.0,3.0,3.0,2.0,3.0,3.0,0.0,0.0,3.0,100.0,719163.0,0.0,194.0,64.0,0.0,3.0,0.0,3.0,25.0,637.0,2270187.8,3563.874097331241,3012.8,16.838995568685377,52.418931,-1.4684933,25.0
19,"28, Rosemary Road",,36127,35,,10090606878.0,84,0,220,1127,629.0,6.0,0,0,0,0,0,0,0,0,0,0,1,0,0,0,0,0,0,0,0,0,0,1,0,0,0,0,0,1,0,0,0,0,0,0,0,0,0,1,0,0,0,0,0,0,0,0,0,0,0,0,0,0,0,0,0,1,0,0,0,0,0,0,0,0,0,1,0,0,1,0,0,0,0,0,1,0,0,0,0,0,0,0,0,0,0,0,1,0,0,0,0,0,0,0,0,1,0,0,0,0,0,0,0,0,0,0,1,0,0,0,0,0,0,0,0,0,1,0,0,0,0,0,0,0,1,0,0,0,0,B,2.3414892137086407,3.0,4.0,4.0,266.0,101.0,4.439021819501458,0.0,2.021493314059661,719163.0,4.0,113.0,4.523639624883296,3.0,3.0,4.0,4.0,4.0,4.0,0.4705382127614017,3.0,130.2900132335604,719163.0,4.0,86.0,73.0,0.4416773052958874,3.0,0.0004714567124035,3.0,100.0,837.0,2506769.691428573,2994.945867895548,2558.4,20.82670906200318,52.5305854,-2.0580452,94.41663006667292
20,"Flat 28 Orlando House, Barleyfield Row",1966-01-01,39368,32,,100071546755.0,60,1,301,1415,909.0,28.0,1,0,0,0,0,0,0,0,0,0,0,0,1,0,0,0,0,0,0,0,1,0,0,0,0,0,0,0,1,0,0,1,0,0,1,0,0,0,0,0,0,0,0,0,0,0,0,0,0,0,0,0,0,0,0,0,0,1,0,0,0,0,0,0,0,1,1,0,0,0,1,0,0,0,0,0,0,1,0,0,0,0,0,0,0,0,0,1,0,0,0,0,0,0,1,0,0,0,0,0,0,0,1,0,0,0,0,1,0,0,0,0,0,0,0,0,0,1,0,0,0,1,0,0,0,0,0,1,0,D,2.46249618107069,2.0,2.0,4.0,469.0,224.0,3.0,0.0,2.0,719163.0,2.2179412841796875,59.0,3.0,0.0,1.0,4.0,2.0,2.218109130859375,0.0,0.0,0.0,100.0,719163.0,0.0,418.0,51.0,0.0,1.0,0.0,1.0,75.0,887.0,3490146.342533937,3934.77603442383,2976.2,22.002200220022004,52.5795661,-1.9796744,75.0
21,"402, Redditch Road, Kings Norton",1949-01-01,13973,6,,100070491622.0,60,0,118,211,600.0,11.0,0,0,1,0,0,0,0,0,0,0,1,0,0,0,0,0,0,0,0,0,0,1,0,0,0,1,0,0,0,0,0,1,0,0,0,0,1,0,0,0,0,0,0,0,0,0,0,0,0,0,0,0,1,0,0,0,0,0,0,0,0,0,0,0,0,1,1,0,0,0,0,1,0,0,0,1,0,0,0,0,0,0,0,0,1,0,0,0,0,0,0,0,0,0,0,0,0,0,0,0,1,0,0,1,0,0,0,0,0,1,0,0,0,0,0,0,1,0,0,0,0,1,0,1,0,0,0,0,0,D,2.4535069413207085,3.0,2.0,3.0,662.0,84.0,3.0,0.0,2.0,719163.0,3.0,79.0,3.0,3.0,3.0,3.0,2.0,3.0,0.0,0.0,3.0,100.0,719163.0,0.0,260.0,65.0,0.0,3.0,0.0,3.0,50.0,631.0,2224946.120000001,3526.063581616483,3145.7,16.166666666666664,52.3972121,-1.9472024,50.0
22,"99, Woodhouse Road, Quinton",1966-01-01,10962,1,,100070569791.0,68,0,79,343,715.0,6.0,0,1,0,0,0,0,0,0,0,0,1,0,0,0,0,0,0,0,0,0,0,1,0,0,0,0,0,0,0,0,0,1,1,0,0,0,0,0,1,0,0,0,0,0,0,0,0,0,0,0,0,0,1,0,0,0,0,0,0,0,0,0,0,0,1,0,1,0,0,0,0,1,0,0,0,1,0,0,0,0,0,0,0,0,1,0,0,0,0,0,0,0,0,0,0,0,0,0,0,0,1,0,0,1,0,0,0,0,1,0,0,0,0,0,0,0,1,0,0,0,0,1,0,0,1,0,0,0,0,D,2.4516579321760155,3.0,3.0,4.0,526.0,81.0,3.0,0.0,2.0,719163.0,3.0,70.0,3.0,3.0,3.0,4.0,3.0,3.0,1.0,0.1457500368705706,3.0,100.0,719163.0,1.0,237.0,58.0,0.0,3.0,0.0,3.0,100.0,680.0,2099437.540336134,3087.408147553138,2673.7,24.335664335664337,52.4570783,-1.9816279,92.35396608456946
23,"127, Poplar Avenue, Edgbaston",1929-01-01,3586,1,,100071433442.0,36,1,57,239,638.0,11.0,0,1,0,0,0,0,0,0,0,0,0,0,1,0,0,0,0,0,0,0,0,0,1,0,0,1,0,0,0,0,0,1,1,0,1,0,0,0,0,0,0,0,0,0,0,0,0,0,0,0,0,0,1,0,0,0,0,0,0,0,0,0,0,0,1,0,1,0,0,0,0,1,0,0,0,0,0,0,0,0,1,0,0,1,0,0,0,0,0,0,0,0,0,0,0,0,0,0,0,0,1,0,0,1,0,0,0,0,0,1,0,0,0,0,0,0,0,0,0,1,0,1,0,0,1,0,0,0,0,F,2.4,0.0,3.0,3.0,626.0,222.0,4.0,0.0,2.0,719163.0,3.0,32.0,4.0,1.0,2.0,3.0,3.0,3.0,0.0,0.0,0.0,100.0,719163.0,0.0,381.0,45.0,0.0,2.0,0.0,0.0,50.0,577.0,2231469.938095239,3867.36557728811,2920.1,23.510971786833856,52.4788836,-1.9623016,50.0
24,"Flat 15 Shirebrook Court, 6, Chain Walk",1990-01-01,4320,5,,100071436329.0,76,0,39,1657,826.0,6.0,0,0,1,0,0,0,0,0,0,0,0,0,0,0,0,1,0,0,0,0,1,0,0,0,0,1,0,0,0,0,0,1,1,0,0,0,1,0,0,0,0,0,0,0,0,0,0,0,0,0,0,0,1,0,0,0,0,0,0,0,0,0,0,0,1,0,1,0,0,0,1,0,0,0,0,0,0,1,0,0,0,0,0,0,0,1,0,0,0,0,0,0,0,0,0,0,0,0,0,0,0,1,0,0,1,0,0,0,0,0,0,0,1,0,0,0,0,0,0,0,1,1,0,0,1,0,0,0,0,C,2.334709880971002,3.0,2.0,4.0,202.0,128.0,2.0,0.0,2.0,719163.0,2.21795654296875,40.0,2.0,4.0,2.0,4.0,2.0,2.21807861328125,3.0,1.2332470243994598,3.0,100.0,719163.0,3.0,22.0,31.0,0.0,2.0,0.0,3.0,100.0,1079.0,3407204.740000002,3157.743039851716,2489.1,29.66101694915254,52.5028789,-1.9018232,93.82715065382128
25,"65, Ventnor Avenue, Lozells",1990-01-01,4377,5,,100070547275.0,77,0,39,23,513.0,44.0,1,0,0,0,0,0,0,0,0,0,0,0,0,0,0,0,0,0,1,0,1,0,0,0,0,1,0,0,0,0,0,1,1,0,1,0,0,0,0,0,0,0,0,0,0,0,0,0,0,0,0,0,1,0,0,0,0,0,0,0,1,0,0,0,0,0,1,0,0,0,0,1,1,0,0,0,0,0,0,0,0,0,0,0,0,0,1,0,0,0,0,0,0,0,1,0,0,0,0,0,0,0,1,0,0,0,0,0,0,0,0,0,0,1,0,0,1,0,0,0,0,1,0,0,1,0,0,0,0,C,2.39,3.0,2.0,3.0,310.0,80.0,4.0,0.0,2.0,719163.0,2.0,58.273,4.0,3.0,1.0,3.0,2.0,2.0,3.0,0.0,3.0,100.0,719163.0,3.0,200.0,45.0,0.0,1.0,0.0,3.0,57.0,594.0,2107983.867914439,3548.794390428349,2994.25,31.57894736842105,52.4992596,-1.9063239,57.0
26,"Flat 4 Wedgewood House, Forth Drive",1975-01-01,13529,22,,100071339170.0,55,1,249,1192,707.0,50.0,0,0,1,0,0,0,0,0,0,0,0,0,1,0,0,0,0,0,0,0,1,0,0,0,0,0,0,0,1,0,0,1,0,0,0,0,1,0,0,0,0,0,0,0,0,0,0,0,0,0,0,0,0,0,0,0,1,0,0,0,0,0,0,1,0,0,1,0,0,0,1,0,0,0,0,0,0,1,0,0,0,0,0,0,0,0,0,1,0,0,0,0,0,0,0,0,0,0,0,0,0,1,0,0,1,0,0,1,0,0,0,0,0,0,0,0,0,1,0,0,0,1,0,0,0,0,0,1,0,D,2.4415320872864434,2.0,2.0,1.0,572.0,232.0,2.0,0.0,2.0,719163.0,2.217926025390625,64.0,2.0,0.0,2.0,1.0,2.0,2.21795654296875,0.0,0.0,0.0,100.0,719163.0,0.0,459.0,83.0,0.0,2.0,0.0,1.0,12.0,667.0,1967259.354848488,2949.414325110176,2504.6,19.09476661951909,52.4860789,-1.7377058,12.0
27,"10, Maypole Drive",1966-01-01,38171,27,,90105245.0,52,0,198,960,922.0,59.0,1,0,0,0,0,0,0,0,0,0,0,0,0,0,0,0,0,0,1,0,0,1,0,0,0,1,0,0,0,0,0,1,1,0,0,0,0,0,1,0,0,0,0,0,0,0,0,0,0,0,0,0,0,0,1,0,0,0,0,0,0,0,0,0,0,1,0,0,0,1,0,1,0,0,0,0,1,0,0,0,0,0,0,0,1,0,0,0,0,0,0,0,0,0,1,0,0,0,0,0,0,0,1,0,0,0,0,0,1,0,0,0,0,0,0,0,1,0,0,0,0,1,0,1,0,0,0,0,0,E,2.4893513770905877,3.0,2.0,4.0,866.0,117.0,4.0,0.0,2.0,719163.0,2.0,66.0,4.0,3.0,2.0,4.0,2.0,2.0,1.0,-0.1655896805666064,3.0,97.0,719163.0,1.0,398.0,54.0,1.0,2.0,0.0,3.0,78.0,960.0,2518228.053333333,2623.154222222222,2117.8,23.318872017353577,52.45684,-2.1567679,78.0
28,"9, Grove Road",1966-01-01,39084,27,,90085111.0,69,0,200,892,709.0,62.0,0,0,1,0,0,0,0,0,0,0,1,0,0,0,0,0,0,0,0,0,0,1,0,0,0,1,0,0,0,0,0,1,1,0,0,0,0,0,1,0,0,0,0,0,0,0,0,0,0,0,0,0,0,0,1,0,0,0,0,0,1,0,0,0,0,0,0,1,0,0,0,1,0,0,0,1,0,0,0,0,0,0,0,0,1,0,0,0,0,0,0,0,0,0,1,0,0,0,0,0,0,0,1,0,0,0,0,0,0,0,0,0,1,0,0,0,1,0,0,0,0,1,0,0,1,0,0,0,0,C,2.4107603084848552,3.0,1.0,1.0,494.0,101.0,5.0,0.0,2.0,719163.0,3.0,77.0,5.0,3.0,3.0,1.0,1.0,3.0,2.0,0.1340404273741495,3.0,40.0,719163.0,2.0,221.0,111.0,0.0,3.0,0.0,4.0,18.0,668.0,2263613.209090909,3388.642528579206,2911.1,22.708039492242595,52.4499569,-2.1053469,18.0
29,"2 WHITTLE CLOSE, BINLEY",1966-01-01,29672,15,,100070719793.0,70,0,156,607,663.0,6.0,0,1,0,0,0,0,0,0,0,0,1,0,0,0,0,0,0,0,0,0,0,1,0,0,0,1,0,0,0,0,0,1,1,0,0,0,1,0,0,0,0,0,0,0,0,0,0,0,0,0,0,0,0,1,0,0,0,0,0,0,0,0,0,0,1,0,1,0,0,0,0,1,0,0,0,0,1,0,0,0,0,0,0,0,1,0,0,0,0,0,0,0,0,0,1,0,0,0,0,0,0,0,1,0,0,0,0,0,0,0,0,0,1,0,0,0,1,0,0,0,0,1,0,0,1,0,0,0,0,C,2.44,3.0,3.0,4.0,546.0,102.0,5.0,0.0,2.0,719163.0,2.0,90.0,5.0,3.0,3.0,4.0,3.0,2.0,2.0,0.0,3.0,100.0,719163.0,2.0,208.0,73.0,0.0,3.0,0.0,3.0,100.0,664.0,2094264.78923077,3154.013236793327,2648.8,18.552036199095024,52.3953676,-1.4468638,92.76321925098124
30,26 Binton Croft,1949-01-01,1827,3,,100070294910.0,70,0,96,268,646.0,21.0,0,0,1,0,0,0,0,0,0,0,1,0,0,0,0,0,0,0,0,0,0,1,0,0,0,1,0,0,0,0,0,1,1,0,0,0,1,0,0,0,0,0,0,0,0,0,0,0,0,0,0,0,1,0,0,0,0,0,0,0,0,0,0,0,1,0,1,0,0,0,0,1,0,0,0,0,1,0,0,0,0,0,0,0,1,0,0,0,0,0,0,0,0,0,0,0,0,0,0,1,0,0,0,0,1,0,0,0,0,0,0,0,1,0,0,0,1,0,0,0,0,1,0,0,1,0,0,0,0,C,2.43,3.0,2.0,1.0,439.0,86.0,3.0,0.0,2.0,719163.0,2.0,73.0,3.0,3.0,3.0,1.0,2.0,2.0,2.0,0.0,3.0,100.0,719163.0,2.0,214.0,113.0,0.0,3.0,0.0,3.0,20.0,617.0,2074543.111764706,3362.306502049766,2780.9,18.26625386996904,52.4351874,-1.8857186,20.0
31,24 GORING ROAD,1929-01-01,29162,13,,100070652892.0,48,1,137,720,827.0,57.0,0,0,1,0,0,0,0,0,0,0,0,0,1,0,0,0,0,0,0,0,0,1,0,0,0,0,0,0,1,0,0,1,1,0,0,0,1,0,0,0,0,0,0,0,0,0,0,0,0,0,0,0,0,1,0,0,0,0,0,0,0,0,0,0,1,0,1,0,0,0,0,1,0,0,0,1,0,0,0,0,0,0,0,0,0,0,0,1,0,0,0,0,0,0,0,0,0,0,0,1,0,0,1,0,0,0,0,0,0,1,0,0,0,0,0,0,0,1,0,0,0,1,0,1,0,0,0,0,0,E,2.7,2.0,2.0,3.0,842.0,231.0,4.0,0.0,2.0,719163.0,4.0,55.0,4.0,1.0,1.0,3.0,2.0,4.0,0.0,0.0,0.0,100.0,719163.0,0.0,547.0,71.0,1.0,1.0,0.0,0.0,67.0,843.0,2608009.812330315,3093.724569786851,2395.3,31.076178960096733,52.4140163,-1.4855038,67.0
32,"12, Uncle Bens Close",2002-01-01,20555,33,,32184656.0,59,0,235,1053,868.0,9.0,1,0,0,0,0,0,0,0,0,0,1,0,0,0,0,0,0,0,0,0,0,1,0,0,0,0,0,0,0,0,0,1,0,0,0,0,0,0,0,1,0,0,0,0,0,0,0,0,0,0,0,0,0,0,0,1,0,0,0,0,1,0,0,0,0,0,1,0,0,0,0,1,0,0,0,1,0,0,0,0,0,0,0,0,1,0,0,0,0,0,0,0,0,0,1,0,0,0,0,0,0,0,1,0,0,0,0,0,0,0,0,0,0,1,1,0,0,0,0,0,0,1,0,1,0,0,0,0,0,D,2.3271078234584297,3.0,2.0,1.0,627.0,303.0,7.0,0.0,2.0,719163.0,4.0,94.0,7.0,1.0,3.0,1.0,2.0,4.0,3.0,0.0,3.0,100.0,719163.0,3.0,252.0,107.0,0.0,3.0,0.0,1.0,17.0,884.0,3164142.74,3579.346990950226,2871.75,17.3963133640553,52.4882649,-2.0172395,17.0
33,"25, Springfield Terrace",1949-01-01,18342,18,,32017969.0,39,0,230,1095,633.0,18.0,0,0,0,0,0,0,0,0,0,0,0,0,0,0,0,0,0,0,1,0,0,1,0,0,0,1,0,0,0,0,0,1,0,0,0,0,0,0,1,0,0,0,0,0,0,0,0,0,0,0,0,0,0,0,0,1,0,0,0,0,1,0,0,0,0,0,0,1,0,0,0,1,1,0,0,0,0,0,0,0,0,0,0,0,1,0,0,0,0,0,0,0,0,0,1,0,0,0,0,0,0,0,1,0,0,0,0,0,1,0,0,0,0,0,0,0,1,0,0,0,0,1,0,1,0,0,0,0,0,E,2.63,3.0,0.0,2.0,1370.0,216.0,6.0,0.0,2.0,719163.0,2.0,118.71,6.0,2.0,2.0,2.0,0.0,2.0,1.0,0.0,3.0,0.0,719163.0,1.0,390.0,98.0,0.0,2.0,0.0,2.0,25.0,631.0,2440363.831764706,3867.454566980517,2991.1,17.377567140600316,52.4925184,-2.0651526,25.0
34,"35, Greyhound Road",,32506,14,,10091716986.0,83,0,132,653,625.0,6.0,0,0,0,0,0,0,0,0,1,0,0,0,0,0,0,0,0,0,0,0,0,1,0,0,0,0,0,1,0,0,0,0,0,0,0,0,0,0,0,0,1,0,0,0,0,0,0,0,0,0,0,0,0,1,0,0,0,0,0,0,0,0,0,0,0,0,0,0,1,0,0,0,0,0,0,0,0,0,1,0,0,0,0,0,0,0,1,0,0,0,0,0,0,0,0,1,0,0,0,0,0,0,0,0,0,0,1,0,0,0,0,0,0,0,0,0,1,0,0,0,0,0,0,0,1,0,0,0,0,B,2.3682667779741933,3.0,4.0,4.0,341.0,93.0,4.459993938644743,0.0,2.030953045055228,719163.0,4.0,116.0,4.526637788481099,3.0,4.0,4.0,4.0,4.0,4.0,0.4098145544667471,3.0,130.29289786085542,719163.0,4.0,92.0,68.0,0.4597492057366461,4.0,0.0003662881178716,3.0,90.72995372216256,798.0,2584121.363315188,3238.24732245011,2674.7,22.24,52.439991,-1.5046759,89.39789246099869
35,"234, Highters Heath Lane",1982-01-01,2041,8,,100070405254.0,49,0,113,57,696.0,7.0,1,0,0,0,0,0,0,0,0,0,0,0,0,0,0,0,0,0,1,0,1,0,0,0,0,1,0,0,0,0,0,1,0,0,1,0,0,0,0,0,0,0,0,0,0,0,0,0,0,0,0,0,1,0,0,0,0,0,0,0,0,0,0,1,0,0,1,0,0,0,0,1,0,0,0,0,0,0,0,1,0,0,0,0,1,0,0,0,0,0,0,0,0,0,0,0,0,0,0,0,0,1,0,0,1,1,0,0,0,0,0,0,0,0,0,0,0,0,0,1,0,1,0,0,1,0,0,0,0,E,2.377482542194333,3.0,2.0,0.0,519.0,247.0,2.0,0.0,2.0,719163.0,0.0,44.0,2.0,0.0,1.0,0.0,2.0,0.0,3.0,0.0,3.0,100.0,719163.0,3.0,387.0,60.0,0.0,1.0,0.0,0.0,0.0,651.0,2177830.185714284,3345.361268378316,2750.1,22.27011494252873,52.4069154,-1.8763439,0.0
36,"19, Norwich Road",1966-01-01,40957,32,,100071073581.0,71,0,297,1407,673.0,2.0,0,1,0,0,0,0,0,0,0,0,1,0,0,0,0,0,0,0,0,0,0,1,0,0,0,0,0,0,1,0,0,1,1,0,0,0,1,0,0,0,0,0,0,0,0,0,0,0,0,0,0,0,0,0,0,0,0,1,0,0,0,0,0,0,0,1,1,0,0,0,0,1,0,0,0,1,0,0,0,0,0,0,0,0,0,0,1,0,0,0,0,0,0,0,1,0,0,0,0,0,0,0,1,0,0,1,0,0,0,0,0,0,0,0,0,0,1,0,0,0,0,1,0,0,0,0,0,1,0,C,2.5,4.0,3.0,4.0,473.0,114.0,5.0,0.0,2.0,719163.0,3.0,85.2,5.0,4.0,3.0,4.0,3.0,3.0,3.0,0.0,4.0,100.0,719163.0,3.0,198.0,66.0,0.0,3.0,0.0,4.0,70.0,638.0,2095775.511764708,3284.914595242489,2825.05,22.88261515601783,52.5831546,-2.0064921,70.0
37,"3 Rose Villas, Corngreaves Road",1929-01-01,17963,18,,32013816.0,58,0,243,1007,779.0,62.0,0,0,1,0,0,0,0,0,0,0,1,0,0,0,0,0,0,0,0,0,0,1,0,0,0,1,0,0,0,0,0,1,1,0,0,0,0,0,1,0,0,0,0,0,0,0,0,0,0,0,0,0,0,0,0,1,0,0,0,0,0,0,0,0,1,0,1,0,0,0,0,1,0,0,0,1,0,0,0,0,0,0,0,0,1,0,0,0,0,0,0,0,0,0,1,0,0,0,0,0,0,0,1,0,0,0,0,0,0,1,0,0,0,0,0,0,1,0,0,0,0,1,0,0,0,0,1,0,0,D,2.48,3.0,2.0,1.0,847.0,124.0,5.0,0.0,2.0,719163.0,3.0,87.0,5.0,3.0,3.0,1.0,2.0,3.0,1.0,0.0708957764114468,3.0,100.0,719163.0,1.0,303.0,104.0,1.0,3.0,0.0,3.0,18.0,804.0,2908125.897435898,3617.072011736192,3024.75,16.43132220795892,52.4647065,-2.0748259,18.0
38,"FLAT 2, 5 VICTORIA TERRACE, WALSALL",1900-01-01,42140,32,,100071348766.0,43,1,295,1363,821.0,6.0,0,0,0,0,0,0,0,0,0,0,0,0,1,0,0,0,0,0,0,0,1,0,0,0,0,0,0,0,1,0,0,1,1,0,0,0,0,0,1,0,0,0,0,0,0,0,0,0,0,0,0,0,0,0,0,0,0,1,0,0,0,0,0,0,0,1,0,1,0,0,1,0,0,0,0,0,0,1,0,0,0,0,0,0,0,0,0,1,0,0,0,0,0,0,0,0,0,0,0,1,0,0,0,1,0,0,0,0,0,1,0,0,0,0,0,0,0,1,0,0,0,1,0,0,0,1,0,0,0,E,2.7,2.0,0.0,4.0,1266.0,320.0,3.0,0.0,2.0,719163.0,2.2179107666015625,71.0,3.0,1.0,1.0,4.0,0.0,2.2178955078125,0.0,0.0,0.0,0.0,719163.0,0.0,602.0,68.0,0.0,1.0,0.0,0.0,100.0,832.0,2937354.000346316,3530.473558108553,2489.6,21.680876979293544,52.5915006,-1.9717108,89.7128219300426
39,"Flat 39, 43 George Street",2002-01-01,9145,5,,10033389227.0,82,1,353,1652,833.0,52.0,0,0,1,0,0,0,0,0,0,0,0,0,1,0,0,0,0,0,0,0,1,0,0,0,0,0,0,0,0,0,0,1,1,0,1,0,0,0,0,0,0,0,0,0,0,0,0,0,0,0,0,0,1,0,0,0,0,0,0,0,0,0,0,0,1,0,1,0,0,0,1,0,0,0,0,0,0,1,0,0,0,0,0,0,0,0,0,1,0,0,0,0,0,0,0,0,0,0,0,1,0,0,0,1,0,0,0,0,0,0,0,0,0,1,0,0,0,1,0,0,0,1,0,0,0,1,0,0,0,B,2.4,2.0,2.0,2.0,189.0,186.0,3.0,0.0,2.0,719163.0,2.2179718017578125,67.0,3.0,1.0,1.0,2.0,2.0,2.218353271484375,3.0,0.0,0.0,100.0,719163.0,3.0,196.0,119.0,0.0,1.0,0.0,2.0,31.0,1187.0,6245019.287002802,5261.178843304803,4494.9,9.843937575030012,52.4840147,-1.9091098,31.0
40,"34, Schoolgate Close, Shelfield",1995-01-01,42058,0,,100071082395.0,76,0,287,1365,645.0,7.0,0,0,1,0,0,0,0,0,0,0,1,0,0,0,0,0,0,0,0,0,1,0,0,0,0,0,0,0,1,0,0,1,1,0,1,0,0,0,0,0,0,0,0,0,0,0,0,0,0,0,0,0,0,0,0,0,0,1,0,0,0,0,0,0,1,0,1,0,0,0,0,1,0,0,0,0,1,0,0,0,0,0,0,0,1,0,0,0,1,0,0,0,0,0,0,0,0,0,0,0,0,0,1,0,0,0,0,0,0,0,0,0,0,1,0,0,1,0,0,0,0,1,0,0,1,0,0,0,0,C,2.329735941074997,3.0,2.0,0.0,245.0,62.0,2.0,0.0,2.0,719163.0,2.0,46.0,2.0,3.0,3.0,0.0,2.0,2.0,3.0,0.3456722691396736,3.0,100.0,719163.0,3.0,167.0,87.0,0.0,3.0,0.0,3.0,0.0,609.0,1985357.633333336,3260.028954570338,2684.5,15.503875968992247,52.6182068,-1.9489234,0.0
41,"FLAT 2, 150 COURT OAK ROAD, HARBORNE",1929-01-01,3709,1,,200001875387.0,71,1,67,171,739.0,6.0,0,0,0,0,0,0,0,0,0,0,0,1,0,0,0,0,0,0,0,0,1,0,0,0,0,0,1,0,0,0,0,1,1,0,1,0,0,0,0,0,0,0,0,0,0,0,0,0,0,0,0,0,1,0,0,0,0,0,0,0,0,0,0,1,0,0,0,1,0,0,1,0,0,0,0,0,0,1,0,0,0,0,0,0,0,0,0,1,0,0,0,0,0,0,1,0,0,0,0,0,0,0,1,0,0,0,0,0,0,1,0,0,0,0,0,0,0,0,0,0,1,1,0,0,1,0,0,0,0,C,2.41,0.0,0.0,4.0,273.0,90.0,1.0,0.0,2.0,719163.0,2.2179107666015625,20.0,1.0,0.0,3.0,4.0,0.0,2.2178955078125,1.0,0.0,1.0,0.0,719163.0,1.0,570.0,22.0,0.0,3.0,0.0,3.0,100.0,701.0,2643321.400000005,3770.786590584887,3190.8,12.855209742895804,52.4594851,-1.9692645,88.18990844876765
42,"49, Cressett Avenue",1995-01-01,36948,17,2104.0,90071773.0,62,0,185,803,714.0,5.0,1,0,0,0,0,0,0,0,0,0,0,0,0,0,0,0,0,0,1,0,0,1,0,0,0,1,0,0,0,0,0,1,0,0,0,0,1,0,0,0,0,0,0,0,0,0,0,0,0,0,0,0,0,0,1,0,0,0,0,0,0,0,0,0,0,1,1,0,0,0,0,1,0,0,0,1,0,0,0,0,0,0,0,0,1,0,0,0,0,0,0,0,0,0,0,0,0,1,0,0,0,0,0,1,0,0,0,0,0,0,0,0,0,1,0,0,1,0,0,0,0,1,0,0,0,0,0,1,0,D,2.367989744146417,3.0,2.0,2.0,671.0,176.0,4.0,0.0,2.0,719163.0,3.0,86.0,4.0,2.0,2.0,2.0,2.0,3.0,3.0,0.0,3.0,100.0,719163.0,3.0,228.0,89.0,0.0,2.0,0.0,2.0,36.0,700.0,2446938.659343009,3495.626656204298,2875.65,18.76750700280112,52.4881447,-2.1336989,36.0
43,"10 CHALFONT ROAD, BIRMINGHAM",1966-01-01,4985,7,,100070319186.0,60,0,33,159,688.0,6.0,0,0,1,0,0,0,0,0,0,0,0,0,0,0,0,0,0,1,0,0,0,1,0,0,0,0,1,0,0,0,0,1,1,0,0,0,1,0,0,0,0,0,0,0,0,0,0,0,0,0,0,0,1,0,0,0,0,0,0,0,0,0,0,0,0,1,1,0,0,0,0,1,1,0,0,0,0,0,0,0,0,0,0,0,1,0,0,0,0,0,0,0,0,0,0,0,0,0,0,1,0,0,0,1,0,0,0,0,0,1,0,0,0,0,0,0,1,0,0,0,0,1,0,0,1,0,0,0,0,D,2.457,3.0,2.0,4.0,645.0,89.0,4.0,0.0,2.0,719163.0,2.0,62.0,4.0,3.0,0.0,4.0,2.0,2.0,0.0,0.0,3.0,100.0,719163.0,0.0,324.0,53.0,0.0,0.0,0.0,3.0,100.0,657.0,1998160.920000002,3041.340821917811,2437.5,31.54069767441861,52.5123903,-1.9131037,91.23370211030718
44,"16, Elgin Grove",1949-01-01,6802,9,,100070356744.0,65,0,61,1,738.0,3.0,0,0,1,0,0,0,0,0,0,0,1,0,0,0,0,0,0,0,0,0,0,1,0,0,0,1,0,0,0,0,0,1,1,0,0,0,0,0,1,0,0,0,0,0,0,0,0,0,0,0,0,0,1,0,0,0,0,0,0,0,0,0,0,0,1,0,1,0,0,0,0,1,0,0,0,1,0,0,0,0,0,0,0,0,1,0,0,0,0,0,0,0,0,0,0,0,0,0,0,0,0,1,0,0,1,0,0,0,0,1,0,0,0,0,0,0,1,0,0,0,0,1,0,0,1,0,0,0,0,D,2.506388791096565,3.0,2.0,2.0,586.0,98.0,4.0,0.0,2.0,719163.0,3.0,73.0,4.0,3.0,3.0,2.0,2.0,3.0,0.0,0.137507108764276,3.0,100.0,719163.0,0.0,261.0,84.0,1.0,3.0,0.0,3.0,33.0,695.0,2137624.299999998,3075.718417266184,2525.8,30.08130081300813,52.4662435,-1.8233312,33.0
45,"Flat 2 Davies House, Wolverhampton Road, Bloxwich",1966-01-01,41261,31,,100071349236.0,64,1,279,1337,895.0,32.0,1,0,0,0,0,0,0,0,0,0,0,0,1,0,0,0,0,0,0,0,1,0,0,0,0,0,0,0,0,0,0,1,1,0,0,0,1,0,0,0,0,0,0,0,0,0,0,0,0,0,0,0,0,0,0,0,0,1,0,0,0,0,0,0,0,1,1,0,0,0,1,0,0,0,0,0,0,1,0,0,0,0,0,0,0,0,0,1,0,0,0,0,0,0,0,0,0,0,0,0,0,1,0,0,1,0,0,0,0,0,0,0,1,0,0,0,0,1,0,0,0,1,0,0,0,0,0,1,0,D,2.377953084003368,2.0,2.0,1.0,537.0,152.0,3.0,0.0,2.0,719163.0,2.2179412841796875,62.0,3.0,1.0,2.0,1.0,2.0,2.218109130859375,3.0,-0.1417988097471667,0.0,100.0,719163.0,3.0,424.0,86.0,0.0,2.0,0.0,2.0,22.0,977.0,4130124.142187498,4227.353267336232,3405.0,22.3463687150838,52.6200967,-2.0088021,22.0
46,"Meadow Farm, Windmill Lane, Balsall Common",1966-01-01,33353,22,2110.0,100071341489.0,32,0,267,1217,591.0,53.0,1,0,0,0,0,0,0,0,1,0,0,0,0,0,0,0,0,0,0,0,0,1,0,0,0,1,0,0,0,0,0,1,1,0,0,0,1,0,0,0,0,0,0,0,0,0,0,0,0,0,0,0,0,0,0,0,1,0,0,0,1,0,0,0,0,0,1,0,0,0,1,0,0,0,0,0,0,0,0,1,0,0,1,0,0,0,0,0,0,0,0,0,0,0,1,0,0,0,0,0,0,0,1,0,0,0,0,0,0,1,0,0,0,0,0,0,1,0,0,0,0,1,0,0,0,1,0,0,0,F,2.718780351414788,2.0,2.0,4.0,5873.0,288.0,9.0,1.0,3.0,719163.0,0.0,216.0,9.0,2.0,4.0,4.0,2.0,0.0,0.0,3.1913417071913863,2.0,100.0,719163.0,0.0,267.0,168.0,0.0,4.0,0.0,2.0,72.0,741.0,3718918.703356757,5018.783675245287,3781.0,12.859560067681894,52.3784705,-1.6306306,72.0
47,"31, Heantun Rise, Waterloo Road",1982-01-01,43622,38,,100071357934.0,77,0,326,1573,544.0,6.0,1,0,0,0,0,0,0,0,0,0,1,0,0,0,0,0,0,0,0,0,1,0,0,0,0,1,0,0,0,0,0,1,1,0,1,0,0,0,0,0,0,0,0,0,0,0,0,0,0,0,0,0,0,0,0,0,0,0,1,0,0,0,0,0,0,0,1,0,0,0,0,1,1,0,0,0,0,0,0,0,0,0,0,0,0,0,1,0,0,0,0,0,0,0,0,0,0,0,0,0,0,1,0,0,1,0,0,0,1,0,0,0,0,0,0,0,1,0,0,0,0,1,0,0,1,0,0,0,0,C,2.375,4.0,2.0,4.0,334.0,75.0,2.0,0.0,2.0,719163.0,1.0,48.784,2.0,4.0,3.0,4.0,2.0,1.0,1.0,0.0,4.0,100.0,719163.0,1.0,232.0,27.0,0.0,3.0,0.0,4.0,100.0,500.0,2427863.628571428,4855.727257142856,3530.15,32.904411764705884,52.5939206,-2.1309628,92.5880172766238
48,"Flat 9 The Coach House, 858, Chester Road, Erdington",1949-01-01,6238,2,,100071269192.0,54,1,24,116,687.0,44.0,0,1,0,0,0,0,0,0,0,0,0,0,1,0,0,0,0,0,0,0,1,0,0,0,0,0,0,0,1,0,0,1,1,0,1,0,0,0,0,0,0,0,0,0,0,0,0,0,0,0,0,0,1,0,0,0,0,0,0,0,0,0,0,0,0,1,1,0,0,0,1,0,0,0,0,0,0,0,0,0,1,0,0,0,0,0,0,1,0,0,0,0,0,0,0,0,0,0,0,1,0,0,1,0,0,0,0,0,1,0,0,0,0,0,0,0,0,1,0,0,0,1,0,0,0,1,0,0,0,E,2.437809905879518,2.0,3.0,3.0,541.0,155.0,2.0,0.0,2.0,719163.0,2.0,39.0,2.0,1.0,1.0,3.0,3.0,2.0,1.0,-0.5530524466529902,0.0,100.0,719163.0,1.0,602.0,44.0,0.0,1.0,0.0,0.0,57.0,621.0,2224633.058431373,3582.339868649554,3058.0,14.847161572052403,52.5289786,-1.8195106,57.0
49,"11 The Grange, 51, Gwendolyn Drive",,29618,13,,10093947242.0,68,1,156,672,833.0,6.0,0,0,0,0,0,0,0,0,0,0,1,0,0,0,0,0,0,0,0,0,1,0,0,0,0,0,0,1,0,0,0,0,0,0,1,0,0,0,0,0,0,0,0,0,0,0,0,0,0,0,0,0,0,1,0,0,0,0,0,0,1,0,0,0,0,0,0,0,1,0,0,0,0,0,0,0,0,0,1,0,0,0,0,1,0,0,0,0,0,0,0,0,0,0,0,1,0,0,0,0,0,0,0,0,0,0,1,0,0,0,0,0,0,0,0,0,1,0,0,0,0,0,0,0,1,0,0,0,0,D,2.318952085650668,0.0,4.0,4.0,316.0,263.0,3.6281449958202088,0.0,2.025776988906547,719163.0,3.0,59.0,3.8927328506202894,1.0,3.0,4.0,4.0,3.0,4.0,0.5395686963149369,1.0,130.21231250368038,719163.0,4.0,196.0,45.0,0.0399147656707118,3.0,1.0094574448050314e-05,1.0,100.0,1068.0,3398830.441176471,3182.425506719542,2745.35,28.45138055222089,52.4037526,-1.463854,94.7819223461788
50,"Flat 8, 114, Gough Road, Edgbaston",1982-01-01,2772,1,,100071278114.0,69,0,68,105,649.0,20.0,0,0,0,0,0,1,0,0,0,0,0,0,0,0,0,0,1,0,0,0,1,0,0,0,0,0,0,0,1,0,0,1,1,0,1,0,0,0,0,0,0,0,0,0,0,0,0,0,0,0,0,0,1,0,0,0,0,0,0,0,0,0,0,0,1,0,0,1,0,0,0,1,0,0,0,0,0,1,0,0,0,0,0,0,0,0,1,0,0,0,0,0,0,0,1,0,0,0,0,0,0,0,1,0,0,0,0,1,0,0,0,0,0,0,0,0,0,1,0,0,0,1,0,1,0,0,0,0,0,C,2.4,2.0,0.0,2.0,226.0,115.0,1.0,0.0,2.0,719163.0,2.2179412841796875,33.19,2.0,1.0,1.0,2.0,0.0,2.218048095703125,2.0,0.0,2.0,0.0,719163.0,2.0,348.0,26.0,0.0,1.0,0.0,1.0,40.0,623.0,2839274.600000003,4557.423113964692,3065.7,13.405238828967642,52.464291,-1.9096507,40.0
51,"4, Ainsdale Gardens",1982-01-01,17075,18,,90049688.0,55,0,206,862,652.0,48.0,1,0,0,0,0,0,0,0,0,0,0,0,0,0,0,0,0,0,1,0,0,1,0,0,0,0,0,0,1,0,0,1,1,0,0,0,1,0,0,0,0,0,0,0,0,0,0,0,0,0,0,0,0,0,1,0,0,0,0,0,1,0,0,0,0,0,1,0,0,0,0,1,0,0,0,0,0,0,0,0,1,0,0,0,0,0,1,0,0,0,0,0,0,0,1,0,0,0,0,0,0,0,1,0,0,0,0,0,0,0,0,0,0,1,1,0,0,0,0,0,0,1,0,1,0,0,0,0,0,D,2.28,2.0,2.0,3.0,787.0,221.0,7.0,1.0,2.0,719163.0,3.0,109.83,7.0,2.0,1.0,3.0,2.0,3.0,3.0,0.0,3.0,100.0,719163.0,3.0,330.0,90.0,1.0,1.0,0.0,1.0,55.0,605.0,2328096.511764708,3848.093407875549,3190.4,7.668711656441718,52.4418434,-2.0766258,55.0
52,"51, Devereux Road",1975-01-01,20979,34,,32133299.0,72,0,225,1152,933.0,7.0,0,0,0,0,0,0,0,0,0,0,1,0,0,0,0,0,0,0,0,0,1,0,0,0,0,1,0,0,0,0,0,1,1,0,0,0,0,0,1,0,0,0,0,0,0,0,0,0,0,0,0,0,0,0,0,1,0,0,0,0,1,0,0,0,0,0,0,1,0,0,0,1,0,0,0,0,0,1,0,0,0,0,0,0,0,0,1,0,0,0,0,0,0,0,0,0,0,0,0,0,0,1,0,0,1,0,0,0,0,0,0,0,1,0,0,0,1,0,0,0,0,1,0,0,1,0,0,0,0,C,2.4,3.0,0.0,0.0,372.0,94.0,3.0,0.0,2.0,719163.0,2.2179107666015625,60.35,3.0,3.0,3.0,0.0,0.0,2.2178955078125,3.0,0.0,3.0,0.0,719163.0,3.0,243.0,62.0,0.0,3.0,0.0,3.0,0.0,945.0,2760619.421515151,2921.290393137726,2095.5,15.64844587352626,52.5093734,-1.9827115,0.0
53,"407, Bushbury Lane",1966-01-01,44141,36,2107.0,100071142636.0,60,0,311,1485,761.0,21.0,0,0,1,0,0,0,0,0,0,0,0,0,0,0,0,0,0,0,1,0,0,1,0,0,0,1,0,0,0,0,0,1,1,0,0,0,1,0,0,0,0,0,0,0,0,0,0,0,0,0,0,0,0,0,0,0,0,0,1,0,0,0,0,0,1,0,1,0,0,0,0,1,1,0,0,0,0,0,0,0,0,0,0,0,1,0,0,0,0,0,0,0,0,0,1,0,0,0,0,0,0,0,1,0,0,0,0,0,1,0,0,0,0,0,0,0,1,0,0,0,0,1,0,0,1,0,0,0,0,D,2.487525856169282,3.0,2.0,1.0,794.0,116.0,4.0,0.0,2.0,719163.0,1.0,92.0,4.0,3.0,2.0,1.0,2.0,1.0,1.0,0.0249323862391777,3.0,100.0,719163.0,1.0,295.0,123.0,1.0,2.0,0.0,3.0,20.0,687.0,2227999.44,3243.085065502183,2654.7,26.412614980289096,52.6207214,-2.1144578,20.0
54,"54, Linton Road",1949-01-01,47681,38,2104.0,100071173910.0,62,0,334,1561,570.0,52.0,1,0,0,0,0,0,0,0,0,0,0,0,0,0,0,0,0,0,1,0,0,1,0,0,0,1,0,0,0,0,0,1,0,0,0,0,1,0,0,0,0,0,0,0,0,0,0,0,0,0,0,0,0,0,0,0,0,0,1,0,0,0,0,0,0,1,0,1,0,0,0,1,0,0,0,0,0,0,0,1,0,0,0,0,1,0,0,0,0,1,0,0,0,0,0,0,0,0,0,0,0,0,1,0,0,0,0,0,0,0,0,0,1,0,0,0,1,0,0,0,0,0,0,0,1,0,0,0,0,D,2.451096000079602,3.0,1.0,2.0,1242.0,104.0,5.0,0.0,2.0,719163.0,0.0,131.0,5.0,3.0,2.0,2.0,1.0,0.0,3.0,0.5291653230047753,3.0,70.0,719163.0,3.0,230.0,110.0,2.0,2.0,0.0,3.0,31.0,542.0,2061801.8,3804.062361623616,3281.35,13.157894736842104,52.5646569,-2.1567689,31.0
55,"THE BLUE APARTMENTS 50, BROADWAY PLAZA, 19 FRANCIS ROAD",2002-01-01,3217,5,,10023505484.0,57,1,351,1668,878.0,6.0,0,0,1,0,0,0,0,0,0,0,0,1,0,0,0,0,0,0,0,0,1,0,0,0,0,0,1,0,0,0,0,1,1,0,1,0,0,0,0,0,0,0,0,0,0,0,0,0,0,0,0,0,1,0,0,0,0,0,0,0,0,0,0,0,1,0,1,0,0,0,1,0,0,0,0,0,0,1,0,0,0,0,0,0,0,0,0,1,0,0,0,0,0,0,0,0,0,0,0,1,0,0,1,0,0,1,0,0,0,0,0,0,0,0,0,0,0,0,0,1,0,1,0,0,1,0,0,0,0,D,2.28,0.0,2.0,4.0,484.0,284.0,2.0,0.0,2.0,719163.0,2.217926025390625,33.0,2.0,1.0,3.0,4.0,2.0,2.21826171875,3.0,0.0,1.0,100.0,719163.0,3.0,395.0,34.0,0.0,3.0,0.0,0.0,100.0,1518.0,6961511.160802224,4434.083541912244,3335.15,22.323462414578582,52.4741798,-1.9219675,93.07547894004958
56,"104, Bushbury Road",1966-01-01,11983,4,,100070313577.0,54,0,52,193,699.0,18.0,0,0,1,0,0,0,0,0,0,0,1,0,0,0,0,0,0,0,0,0,0,1,0,0,0,1,0,0,0,0,0,1,1,0,0,0,0,0,1,0,0,0,0,0,0,0,0,0,0,0,0,0,1,0,0,0,0,0,0,0,0,0,0,1,0,0,1,0,0,0,0,1,0,0,0,0,0,0,0,1,0,0,0,0,1,0,0,0,0,0,0,0,0,0,1,0,0,0,0,0,0,0,0,1,0,0,0,0,1,0,0,0,0,0,0,0,1,0,0,0,0,1,0,1,0,0,0,0,0,E,2.513376899608045,3.0,2.0,2.0,702.0,86.0,3.0,0.0,2.0,719163.0,0.0,57.0,3.0,3.0,3.0,2.0,2.0,0.0,1.0,-0.3520837093142974,3.0,100.0,719163.0,1.0,384.0,72.0,0.0,3.0,0.0,3.0,25.0,677.0,2185692.440000001,3228.496957163961,2735.8,38.19742489270386,52.4900579,-1.7902304,25.0
57,"Flat 7 Dormston House, 41, Dudley Street, Sedgley",,34952,16,,90201549.0,77,0,165,827,715.0,1.0,0,0,0,0,0,0,0,0,0,0,1,0,0,0,0,0,0,0,0,0,1,0,0,0,0,0,0,1,0,0,0,0,0,0,0,0,0,0,0,0,1,0,0,0,0,0,0,0,0,0,0,0,0,0,1,0,0,0,0,0,0,0,0,0,0,0,1,0,0,0,0,0,0,0,0,0,0,1,0,0,0,0,0,0,0,0,1,0,0,0,0,0,0,0,0,1,0,0,0,0,0,0,0,0,0,0,0,0,0,0,1,0,0,0,0,0,1,0,0,0,0,0,0,0,1,0,0,0,0,C,2.382954788272598,3.0,3.0,2.0,250.0,82.0,4.212883707375633,0.0,2.0041604905511914,719163.0,2.2179412841796875,50.0,3.8921931945206634,3.0,3.0,2.0,3.0,2.218017578125,3.0,0.4087533556731304,3.0,110.1989283042668,719163.0,3.0,153.0,57.0,0.0928136932551547,3.0,0.0005999560080125,3.0,39.53461663252675,678.0,2461194.171428572,3630.079898862201,2882.9,26.99300699300699,52.5403823,-2.1202197,30.0
58,"7 TEWKESBURY DRIVE, NETHERTON",1982-01-01,34789,27,,90029489.0,63,0,181,929,673.0,6.0,0,0,1,0,0,0,0,0,0,0,0,0,0,0,0,0,0,0,1,0,0,1,0,0,0,0,1,0,0,0,0,1,1,0,0,0,1,0,0,0,0,0,0,0,0,0,0,0,0,0,0,0,0,0,1,0,0,0,0,0,0,0,0,0,0,1,1,0,0,0,0,1,0,0,0,1,0,0,0,0,0,0,0,0,1,0,0,0,0,0,0,0,0,0,1,0,0,0,0,0,0,0,1,0,0,0,0,0,0,0,0,0,1,0,0,0,1,0,0,0,0,1,0,0,0,0,0,1,0,D,2.32,3.0,2.0,4.0,670.0,116.0,4.0,0.0,3.0,719163.0,3.0,74.0,4.0,3.0,2.0,4.0,2.0,3.0,3.0,0.0,3.0,100.0,719163.0,3.0,269.0,61.0,2.0,2.0,0.0,3.0,100.0,637.0,2100985.838095237,3298.250923226432,2842.2,22.73402674591382,52.4817767,-2.0779324,92.1714427628489
59,"326, Stoney Stanton Road",1929-01-01,32704,13,,100070705686.0,71,0,136,638,847.0,80.0,0,0,0,0,0,0,1,0,0,0,1,0,0,0,0,0,0,0,0,0,0,1,0,0,0,1,0,0,0,0,0,1,1,0,0,0,1,0,0,0,0,0,0,0,0,0,0,0,0,0,0,0,0,1,0,0,0,0,0,0,0,0,0,0,1,0,1,0,0,0,0,1,0,0,0,1,0,0,0,0,0,0,0,0,1,0,0,0,0,0,0,0,0,0,0,0,0,0,0,0,0,1,0,0,1,0,0,0,0,0,0,0,1,0,0,0,1,0,0,0,0,1,0,0,1,0,0,0,0,C,2.4249202882112044,3.0,3.0,4.0,483.0,108.0,5.0,0.0,2.0,719163.0,4.0,84.0,5.0,3.0,3.0,4.0,3.0,4.0,3.0,0.1186197439099636,3.0,100.0,719163.0,3.0,195.0,75.0,0.0,3.0,0.0,3.0,73.0,1298.0,4026576.325148541,3102.138925384084,2363.6,39.90554899645809,52.4213552,-1.4966826,73.0
60,"Variety Works, 46b Frederick Street",,129,5,,10094295243.0,71,0,353,1652,833.0,6.0,0,0,0,0,0,0,0,0,1,0,0,0,0,0,0,0,0,0,0,0,0,1,0,0,0,0,0,1,0,0,0,0,0,0,0,0,0,1,0,0,0,0,0,0,0,0,0,0,0,0,0,0,1,0,0,0,0,0,0,0,0,0,0,0,1,0,0,0,1,0,0,0,0,0,0,0,0,0,1,0,0,0,0,0,0,0,1,0,0,0,0,0,0,0,0,1,0,0,0,0,0,0,0,0,0,0,0,1,0,0,0,0,0,0,0,0,1,0,0,0,0,0,0,0,1,0,0,0,0,C,2.44381477456655,3.0,4.0,4.0,564.0,87.0,4.568889713335643,0.0,2.049175547226946,719163.0,3.0,93.0,4.279045533547325,3.0,4.0,4.0,4.0,3.0,2.0,0.0001610944263656,3.0,129.93010784807683,719163.0,2.0,199.0,67.0,0.5060904535224537,4.0,1.1255029472301281e-07,3.0,100.0,1187.0,6245019.287002802,5261.178843304803,4494.9,9.843937575030012,52.4857621,-1.9126115,94.41559270988112
61,"Flat 1, 85, Foyle Road",1966-01-01,14110,6,,100071461799.0,44,0,119,207,890.0,7.0,1,0,0,0,0,0,0,0,0,0,0,0,0,0,0,0,1,0,0,0,0,0,1,0,0,1,0,0,0,0,0,1,1,0,0,0,1,0,0,0,0,0,0,0,0,0,0,0,0,0,0,0,1,0,0,0,0,0,0,0,0,0,0,0,0,0,1,0,0,0,0,1,0,0,0,0,0,1,0,0,0,0,0,0,0,0,1,0,0,0,0,0,0,0,0,0,0,0,0,0,0,1,0,0,1,0,0,1,0,0,0,0,0,0,1,0,0,0,0,0,0,1,0,0,1,0,0,0,0,E,2.44,2.0,2.0,0.0,730.0,196.0,3.0,0.0,2.0,719163.0,2.2178955078125,64.94,3.0,2.0,1.0,0.0,2.0,2.21783447265625,0.0,0.0,2.0,100.0,719163.0,0.0,509.0,67.0,0.0,1.0,0.0,1.0,0.0,775.0,1995984.592633054,2575.463990494264,3119.7,24.60674157303371,52.3995962,-1.9328846,0.0
62,"47, Weybourne Road",1929-01-01,15608,7,,100070560731.0,55,0,7,311,670.0,7.0,1,0,0,0,0,0,0,0,0,0,1,0,0,0,0,0,0,0,0,0,0,1,0,0,0,1,0,0,0,0,0,1,0,0,0,0,0,0,1,0,0,0,0,0,0,0,0,0,0,0,0,0,1,0,0,0,0,0,0,0,0,0,0,0,1,0,1,0,0,0,0,1,1,0,0,0,0,0,0,0,0,0,0,0,1,0,0,0,0,0,0,0,0,0,1,0,0,0,0,0,0,0,1,0,0,0,0,0,0,1,0,0,0,0,1,0,0,0,0,0,0,1,0,1,0,0,0,0,0,D,2.449255885925849,3.0,2.0,0.0,744.0,229.0,5.0,0.0,2.0,719163.0,2.0,99.0,5.0,2.0,3.0,0.0,2.0,2.0,0.0,0.0,3.0,100.0,719163.0,0.0,281.0,105.0,1.0,3.0,0.0,2.0,0.0,628.0,2064677.499999999,3287.703025477706,2804.65,12.53731343283582,52.5521079,-1.8914181,0.0
63,"Covert House, Covert Lane",1990-01-01,38213,27,,90149875.0,66,0,204,900,668.0,86.0,0,1,0,0,0,0,0,0,0,0,1,0,0,0,0,0,0,0,0,0,0,1,0,0,0,1,0,0,0,0,0,1,1,0,0,0,1,0,0,0,0,0,0,0,0,0,0,0,0,0,0,0,0,0,1,0,0,0,0,0,1,0,0,0,0,0,1,0,0,0,0,1,0,0,0,1,0,0,0,0,0,0,0,0,1,0,0,0,0,0,0,0,0,0,1,0,0,0,0,0,0,0,1,0,0,0,0,0,0,0,0,0,0,1,0,0,1,0,0,0,0,1,0,1,0,0,0,0,0,D,2.3786223152225103,3.0,3.0,2.0,739.0,154.0,6.0,0.0,2.0,719163.0,3.0,105.0,6.0,3.0,3.0,2.0,3.0,3.0,3.0,0.2361914637195883,3.0,100.0,719163.0,3.0,235.0,100.0,1.0,3.0,0.0,3.0,41.0,640.0,2543561.131764705,3974.314268382351,3487.65,10.928143712574853,52.4403782,-2.1641683,41.0
64,"28, Craners Road",1929-01-01,28154,15,,100070636881.0,62,0,145,701,758.0,2.0,0,0,1,0,0,0,0,0,0,0,0,0,0,0,0,0,0,0,1,0,0,1,0,0,0,1,0,0,0,0,0,1,1,0,0,0,0,0,1,0,0,0,0,0,0,0,0,0,0,0,0,0,0,1,0,0,0,0,0,0,0,0,0,0,1,0,1,0,0,0,0,1,0,0,0,0,0,0,0,1,0,0,0,0,1,0,0,0,0,0,0,0,0,0,0,0,0,0,0,0,1,0,0,1,0,0,0,0,0,1,0,0,0,0,0,0,1,0,0,0,0,1,0,0,1,0,0,0,0,D,2.5429461456629907,3.0,2.0,4.0,557.0,89.0,4.0,0.0,2.0,719163.0,0.0,58.0,4.0,3.0,2.0,4.0,2.0,0.0,0.0,0.0650728208539406,3.0,100.0,719163.0,0.0,302.0,65.0,1.0,2.0,0.0,3.0,70.0,743.0,2081821.704387854,2801.913464855793,2366.8,40.63324538258576,52.4160984,-1.4909344,70.0
65,"231 MILLHOUSE ROAD, BIRMINGHAM",1949-01-01,6809,9,,100070453555.0,66,0,61,1,738.0,6.0,0,0,1,0,0,0,0,0,0,0,1,0,0,0,0,0,0,0,0,0,0,1,0,0,0,0,1,0,0,0,0,1,1,0,0,0,0,0,1,0,0,0,0,0,0,0,0,0,0,0,0,0,1,0,0,0,0,0,0,0,0,0,0,1,0,0,1,0,0,0,0,1,0,0,0,1,0,0,0,0,0,0,0,0,1,0,0,0,0,0,0,0,0,0,1,0,0,0,0,0,0,0,1,0,0,0,0,0,0,1,0,0,0,0,0,0,1,0,0,0,0,1,0,0,1,0,0,0,0,D,2.4,3.0,2.0,4.0,572.0,93.0,4.0,0.0,2.0,719163.0,3.0,72.0,4.0,3.0,3.0,4.0,2.0,3.0,0.0,0.0,3.0,100.0,719163.0,0.0,254.0,59.0,0.0,3.0,0.0,3.0,100.0,695.0,2137624.299999998,3075.718417266184,2525.8,30.08130081300813,52.4683788,-1.8265023,91.84405832406324
66,"35, Hyde Road",1949-01-01,29283,13,,100070664279.0,34,1,140,769,563.0,6.0,1,0,0,0,0,0,0,0,0,0,0,0,1,0,0,0,0,0,0,0,0,1,0,0,0,0,0,0,1,0,0,1,0,0,0,0,0,0,1,0,0,0,0,0,0,0,0,0,0,0,0,0,0,1,0,0,0,0,0,0,0,0,0,0,0,1,0,0,0,1,0,1,0,0,0,1,0,0,0,0,0,0,0,0,0,0,0,1,0,0,0,0,0,0,1,0,0,0,0,0,0,0,1,0,0,0,0,0,0,1,0,0,0,0,0,0,0,1,0,0,0,1,0,1,0,0,0,0,0,F,2.50913271755102,2.0,2.0,4.0,1166.0,354.0,4.0,0.0,2.0,719163.0,3.0,77.0,4.0,0.0,1.0,4.0,2.0,3.0,0.0,0.0,0.0,90.0,719163.0,0.0,694.0,54.0,1.0,1.0,0.0,0.0,100.0,534.0,1956686.925000001,3664.207724719102,3070.1,16.341030195381883,52.4145889,-1.4566069,91.54106269800286
67,"Flat 60 Packwood Court, 3, Manor House Close",1995-01-01,8654,6,,100071287295.0,81,1,93,574,699.0,73.0,1,0,0,0,0,0,0,0,0,0,0,0,1,0,0,0,0,0,0,0,1,0,0,0,0,0,0,0,1,0,0,1,0,0,1,0,0,0,0,0,0,0,0,0,0,0,0,0,0,0,0,0,1,0,0,0,0,0,0,0,0,1,0,0,0,0,1,0,0,0,1,0,0,0,0,0,0,1,0,0,0,0,0,0,0,0,0,1,0,0,0,0,0,0,0,0,0,0,0,0,0,1,0,0,1,0,0,0,0,0,0,0,0,1,0,0,0,1,0,0,0,1,0,0,0,0,0,1,0,B,2.3554384369384813,2.0,2.0,4.0,150.0,97.0,2.0,0.0,2.0,719163.0,2.21795654296875,39.0,2.0,0.0,2.0,4.0,2.0,2.21807861328125,3.0,0.0,0.0,100.0,719163.0,3.0,256.0,31.0,0.0,2.0,0.0,2.0,83.0,635.0,2314920.42857143,3645.543982002251,2973.0,30.758226037196,52.4362983,-1.9748407,83.0
68,40 Byfield Road,1949-01-01,31993,14,,100070628997.0,59,0,138,705,730.0,49.0,0,0,1,0,0,0,0,0,0,0,0,0,0,0,0,0,0,0,1,0,0,1,0,0,0,1,0,0,0,0,0,1,1,0,0,0,0,0,1,0,0,0,0,0,0,0,0,0,0,0,0,0,0,1,0,0,0,0,0,0,0,0,0,0,0,1,0,0,0,1,0,1,0,0,0,0,0,0,0,1,0,0,0,0,1,0,0,0,0,0,0,0,0,0,1,0,0,0,0,0,0,0,1,0,0,0,0,0,0,1,0,0,0,0,0,0,1,0,0,0,0,1,0,1,0,0,0,0,0,D,2.47,3.0,2.0,2.0,920.0,103.0,6.0,0.0,2.0,719163.0,0.0,117.0,6.0,3.0,2.0,2.0,2.0,0.0,1.0,0.0,3.0,92.0,719163.0,1.0,281.0,137.0,1.0,2.0,0.0,3.0,44.0,703.0,2321066.895588236,3301.659879926367,2818.6,14.657534246575343,52.4194362,-1.54233,44.0
69,"19, Armstrong Drive",1975-01-01,40787,31,,100071032474.0,56,0,292,1316,767.0,52.0,0,0,1,0,0,0,0,0,0,0,1,0,0,0,0,0,0,0,0,0,0,1,0,0,0,1,0,0,0,0,0,1,1,0,0,0,1,0,0,0,0,0,0,0,0,0,0,0,0,0,0,0,0,0,0,0,0,1,0,0,0,0,0,0,0,1,1,0,0,0,0,1,1,0,0,0,0,0,0,0,0,0,0,0,1,0,0,0,1,0,0,0,0,0,0,0,0,0,0,0,0,0,0,1,0,0,0,0,1,0,0,0,0,0,0,0,1,0,0,0,0,1,0,0,0,0,0,1,0,D,2.59,3.0,2.0,2.0,809.0,101.0,4.0,0.0,2.0,719163.0,1.0,72.0,4.0,3.0,3.0,2.0,2.0,1.0,1.0,0.0511364001377461,3.0,100.0,719163.0,1.0,321.0,83.0,1.0,3.0,0.0,3.0,31.0,703.0,2263960.111764708,3220.42690151452,2629.2,8.996088657105608,52.5947235,-2.0116934,31.0
70,"103, The Broadway",1949-01-01,33859,16,,90029220.0,59,0,174,933,863.0,21.0,0,0,1,0,0,0,0,0,0,0,1,0,0,0,0,0,0,0,0,0,0,1,0,0,0,1,0,0,0,0,0,1,1,0,0,0,0,0,1,0,0,0,0,0,0,0,0,0,0,0,0,0,0,0,1,0,0,0,0,0,0,0,0,0,0,1,0,0,0,1,0,1,0,0,0,1,0,0,0,0,0,0,0,0,1,0,0,0,0,0,0,0,0,0,1,0,0,0,0,0,0,0,1,0,0,0,0,0,0,1,0,0,0,0,0,0,1,0,0,0,0,1,0,1,0,0,0,0,0,D,2.492751316477526,3.0,2.0,1.0,945.0,111.0,4.0,0.0,2.0,719163.0,3.0,100.0,5.0,3.0,3.0,1.0,2.0,3.0,0.0,0.0164282537571973,3.0,90.0,719163.0,0.0,295.0,111.0,0.0,3.0,0.0,3.0,20.0,879.0,3820999.826666669,4346.985013272661,3325.7,17.381228273464657,52.5163061,-2.0914186,20.0
71,"47, Avenue Road",1975-01-01,47559,38,2106.0,100071135362.0,67,0,331,1549,558.0,40.0,0,1,0,0,0,0,0,0,0,0,1,0,0,0,0,0,0,0,0,0,0,1,0,0,0,1,0,0,0,0,0,1,1,0,0,0,1,0,0,0,0,0,0,0,0,0,0,0,0,0,0,0,0,0,0,0,0,0,1,0,1,0,0,0,0,0,1,0,0,0,0,1,0,0,0,1,0,0,0,0,0,0,0,0,1,0,0,0,0,0,0,0,0,0,1,0,0,0,0,0,0,0,1,0,0,0,0,0,0,0,0,0,1,0,0,0,1,0,0,0,0,1,0,1,0,0,0,0,0,D,2.4289887607010314,3.0,3.0,3.0,804.0,120.0,8.0,0.0,2.0,719163.0,4.0,127.0,8.0,3.0,3.0,3.0,3.0,4.0,2.0,0.1709051553350176,3.0,100.0,719163.0,2.0,217.0,137.0,2.0,3.0,0.0,3.0,45.0,596.0,2628119.154761903,4409.595897251515,3644.45,10.39426523297491,52.5879939,-2.1572806,45.0
72,"136, Old Town Lane",1966-01-01,41797,0,,100071074547.0,78,0,274,1392,692.0,57.0,0,1,0,0,0,0,0,0,0,0,1,0,0,0,0,0,0,0,0,0,1,0,0,0,0,1,0,0,0,0,0,1,0,0,1,0,0,0,0,0,0,0,0,0,0,0,0,0,0,0,0,0,0,0,0,0,0,1,0,0,0,0,0,0,0,1,1,0,0,0,0,1,0,0,0,0,0,1,0,0,0,0,0,0,1,0,0,0,0,0,0,0,0,0,1,0,0,0,0,0,0,0,1,0,0,0,0,0,0,0,0,0,1,0,0,0,1,0,0,0,0,1,0,1,0,0,0,0,0,C,2.37564996404686,3.0,3.0,3.0,287.0,96.0,4.0,0.0,2.0,719163.0,2.2179412841796875,70.0,4.0,3.0,3.0,3.0,3.0,2.217926025390625,3.0,0.0,3.0,100.0,719163.0,3.0,125.0,57.0,0.0,3.0,0.0,3.0,67.0,660.0,2178984.242533935,3301.491276566568,2719.45,23.98843930635838,52.6306405,-1.969784,67.0
73,"55, Florence Road",1949-01-01,20278,35,,32056381.0,52,0,226,1069,935.0,27.0,0,0,1,0,0,0,0,0,0,0,0,0,0,0,0,0,0,0,1,0,0,1,0,0,0,1,0,0,0,0,0,1,1,0,0,0,0,0,1,0,0,0,0,0,0,0,0,0,0,0,0,0,0,0,0,1,0,0,0,0,0,0,0,0,0,1,1,0,0,0,0,1,0,0,0,1,0,0,0,0,0,0,0,0,1,0,0,0,0,0,0,0,0,0,1,0,0,0,0,0,0,0,1,0,0,0,0,0,0,1,0,0,0,0,0,0,1,0,0,0,0,1,0,0,0,0,0,1,0,E,2.4851010606266226,3.0,2.0,4.0,958.0,124.0,5.0,0.0,2.0,719163.0,3.0,82.0,5.0,3.0,2.0,4.0,2.0,3.0,0.0,0.1213905401926407,3.0,100.0,719163.0,0.0,349.0,60.0,0.0,2.0,0.0,3.0,92.0,1102.0,3877063.283195907,3518.20624609429,2749.25,17.647058823529413,52.5027717,-2.0315645,92.0
74,"25, Peach Avenue",1929-01-01,40112,32,,100071102336.0,70,0,309,1357,760.0,7.0,0,1,0,0,0,0,0,0,0,0,1,0,0,0,0,0,0,0,0,0,0,1,0,0,0,1,0,0,0,0,0,1,1,0,0,0,1,0,0,0,0,0,0,0,0,0,0,0,0,0,0,0,0,0,0,0,0,1,0,0,0,0,0,0,0,1,1,0,0,0,0,1,0,0,0,1,0,0,0,0,0,0,0,0,1,0,0,0,1,0,0,0,0,0,0,0,0,0,0,0,0,0,0,0,1,0,0,0,0,0,0,0,1,0,0,0,1,0,0,0,0,1,0,0,0,0,0,1,0,C,2.38,3.0,3.0,0.0,400.0,138.0,5.0,0.0,2.0,719163.0,3.0,68.0,5.0,3.0,3.0,0.0,3.0,3.0,3.0,0.2354683547575944,3.0,100.0,719163.0,3.0,201.0,94.0,0.0,3.0,0.0,3.0,0.0,756.0,2752239.011764705,3640.527793339557,2988.85,32.5,52.5691776,-2.0416346,0.0
75,"174 Natalie View, Old Kingsbury Road",2002-01-01,24181,29,,10023295213.0,74,0,20,513,691.0,11.0,0,0,1,0,0,0,0,0,0,0,1,0,0,0,0,0,0,0,0,0,0,0,1,0,0,0,0,0,0,0,0,1,1,0,1,0,0,0,0,0,0,0,0,0,0,0,0,0,0,0,0,0,1,0,0,0,0,0,0,0,0,0,0,1,0,0,1,0,0,0,0,1,0,0,0,1,0,0,0,0,0,0,0,0,1,0,0,0,0,0,0,0,0,0,0,0,0,0,0,1,0,0,0,1,0,0,0,0,0,0,0,0,0,1,0,0,1,0,0,0,0,1,0,0,1,0,0,0,0,C,2.41,3.0,2.0,3.0,307.0,93.0,3.0,0.0,2.0,719163.0,3.0,63.0,3.0,3.0,3.0,3.0,2.0,3.0,3.0,0.0,3.0,100.0,719163.0,3.0,176.0,92.0,0.0,3.0,0.0,3.0,50.0,677.0,2452634.642857143,3622.79858619962,2822.0,15.050651230101304,52.5286921,-1.7776929,50.0
76,"16, Silverdale Drive",1975-01-01,44269,36,2106.0,100071193443.0,62,0,321,1523,559.0,26.0,1,0,0,0,0,0,0,0,0,0,1,0,0,0,0,0,0,0,0,0,0,1,0,0,0,1,0,0,0,0,0,1,1,0,0,0,1,0,0,0,0,0,0,0,0,0,0,0,0,0,0,0,0,0,0,0,0,0,1,0,0,0,0,0,0,1,1,0,0,0,0,1,0,0,0,0,1,0,0,0,0,0,0,0,1,0,0,0,0,0,0,0,0,0,1,0,0,0,0,0,0,0,1,0,0,0,0,0,0,0,0,0,1,0,0,0,1,0,0,0,0,1,0,1,0,0,0,0,0,D,2.4,3.0,2.0,4.0,705.0,103.0,3.0,0.0,2.0,719163.0,0.0,69.0,4.0,3.0,3.0,4.0,2.0,0.0,3.0,0.0399585879106654,3.0,100.0,719163.0,3.0,307.0,56.0,1.0,3.0,0.0,3.0,80.0,578.0,1672259.638095238,2893.182764870655,2438.45,40.608228980322,52.5978034,-2.1173797,80.0
77,"19, Guest Grove",1975-01-01,4447,5,,100070389972.0,73,0,47,25,637.0,7.0,0,0,1,0,0,0,0,0,0,0,1,0,0,0,0,0,0,0,0,0,1,0,0,0,0,1,0,0,0,0,0,1,1,0,0,0,1,0,0,0,0,0,0,0,0,0,0,0,0,0,0,0,1,0,0,0,0,0,0,0,0,0,0,0,1,0,1,0,0,0,0,1,0,0,0,0,0,1,0,0,0,0,0,0,1,0,0,0,0,0,0,0,0,0,0,0,0,0,0,0,0,1,0,0,1,0,0,0,0,0,0,0,1,0,0,0,1,0,0,0,0,1,0,0,0,0,0,1,0,C,2.431774341099886,3.0,2.0,0.0,380.0,132.0,4.0,0.0,2.0,719163.0,2.217926025390625,82.0,4.0,3.0,3.0,0.0,2.0,2.2178955078125,2.0,0.2977789219098494,3.0,100.0,719163.0,2.0,169.0,131.0,1.0,3.0,0.0,3.0,0.0,571.0,2094963.114188949,3668.937152695183,2768.1,28.57142857142857,52.4953695,-1.9097198,0.0
78,"2, Steven Drive",1995-01-01,46523,35,,100070846984.0,65,0,213,1087,656.0,52.0,1,0,0,0,0,0,0,0,0,0,0,0,0,0,0,0,0,0,1,0,0,1,0,0,0,1,0,0,0,0,0,1,0,0,0,0,1,0,0,0,0,0,0,0,0,0,0,0,0,0,0,0,0,0,0,1,0,0,0,0,0,0,0,0,0,1,1,0,0,0,0,1,0,0,0,1,0,0,0,0,0,0,0,0,1,0,0,0,0,0,0,0,0,0,0,0,0,0,0,0,1,0,0,1,0,0,0,0,0,0,0,0,0,1,0,0,1,0,0,0,0,1,0,0,0,0,0,1,0,D,2.3,3.0,2.0,2.0,449.0,76.0,3.0,0.0,2.0,719163.0,3.0,54.6,3.0,3.0,2.0,2.0,2.0,3.0,3.0,0.0,3.0,100.0,719163.0,3.0,238.0,53.0,0.0,2.0,0.0,3.0,31.0,650.0,2509555.169999997,3860.854107692302,3107.5,19.817073170731707,52.5465903,-2.0694508,31.0
79,"11, Wagstaff Way",2006-01-01,13680,22,,10008206359.0,75,0,252,1165,782.0,3.0,0,1,0,0,0,0,0,0,0,0,1,0,0,0,0,0,0,0,0,0,0,1,0,0,0,1,0,0,0,0,0,1,1,0,0,0,0,0,1,0,0,0,0,0,0,0,0,0,0,0,0,0,0,0,0,0,1,0,0,0,1,0,0,0,0,0,1,0,0,0,0,1,0,0,0,1,0,0,0,0,0,0,0,0,0,0,1,0,0,0,0,0,0,0,1,0,0,0,0,0,0,0,1,0,0,0,0,0,0,0,0,0,0,1,0,0,1,0,0,0,0,1,0,0,1,0,0,0,0,C,2.37,3.0,3.0,2.0,370.0,126.0,6.0,0.0,2.0,719163.0,3.0,122.9,6.0,3.0,2.0,2.0,3.0,3.0,3.0,0.0,3.0,100.0,719163.0,3.0,177.0,88.0,0.0,2.0,0.0,3.0,33.0,852.0,3430805.623529415,4026.767163766919,3368.5,12.27621483375959,52.469044,-1.7466247,33.0
80,"87, Bulwer Road",1949-01-01,32352,14,,100070627704.0,59,0,133,683,716.0,20.0,0,1,0,0,0,0,0,0,0,0,1,0,0,0,0,0,0,0,0,0,0,1,0,0,0,1,0,0,0,0,0,1,0,0,0,0,1,0,0,0,0,0,0,0,0,0,0,0,0,0,0,0,0,1,0,0,0,0,0,0,0,0,0,0,0,1,1,0,0,0,0,1,0,0,0,1,0,0,0,0,0,0,0,0,1,0,0,0,0,0,0,0,0,0,0,0,0,0,0,0,0,1,0,0,1,0,0,0,0,1,0,0,0,0,0,0,1,0,0,0,0,1,0,1,0,0,0,0,0,D,2.514807006741907,3.0,3.0,2.0,658.0,97.0,5.0,0.0,2.0,719163.0,3.0,76.0,5.0,3.0,3.0,2.0,3.0,3.0,0.0,0.0,3.0,100.0,719163.0,0.0,263.0,70.0,0.0,3.0,0.0,3.0,40.0,690.0,2447057.007692308,3546.459431438128,2993.8,36.452513966480446,52.425656,-1.5236927,40.0
81,"5, Fleming Road",1966-01-01,40546,31,,100071052799.0,58,0,288,1322,678.0,19.0,0,0,1,0,0,0,0,0,0,0,1,0,0,0,0,0,0,0,0,0,0,1,0,0,0,1,0,0,0,0,0,1,1,0,0,0,1,0,0,0,0,0,0,0,0,0,0,0,0,0,0,0,0,0,0,0,0,1,0,0,0,0,0,0,1,0,1,0,0,0,0,1,0,0,0,0,0,0,0,1,0,0,0,0,1,0,0,0,0,0,0,0,0,0,1,0,0,0,0,0,0,0,1,0,0,0,0,0,0,0,0,0,1,0,0,0,1,0,0,0,0,1,0,1,0,0,0,0,0,D,2.415675124959804,3.0,2.0,4.0,798.0,154.0,5.0,0.0,2.0,719163.0,0.0,80.0,5.0,3.0,3.0,4.0,2.0,0.0,3.0,0.1883286887604236,3.0,100.0,719163.0,3.0,316.0,61.0,0.0,3.0,0.0,3.0,85.0,641.0,2148656.529090909,3352.038266912495,2801.9,24.778761061946906,52.6031011,-2.0139889,85.0
82,"45, The Greenfield",1949-01-01,29464,13,,200001170605.0,57,0,156,673,607.0,31.0,1,0,0,0,0,0,0,0,0,0,1,0,0,0,0,0,0,0,0,0,0,1,0,0,0,1,0,0,0,0,0,1,1,0,0,0,1,0,0,0,0,0,0,0,0,0,0,0,0,0,0,0,0,1,0,0,0,0,0,0,0,0,0,1,0,0,1,0,0,0,0,1,0,0,0,0,1,0,0,0,0,0,0,0,1,0,0,0,0,0,0,0,0,0,0,0,0,0,0,0,0,1,0,0,1,0,0,0,0,1,0,0,0,0,0,0,1,0,0,0,0,1,0,0,0,0,0,1,0,D,2.510326254021664,3.0,2.0,1.0,803.0,104.0,5.0,0.0,2.0,719163.0,2.0,79.0,5.0,3.0,3.0,1.0,2.0,2.0,0.0,0.1144278863275993,3.0,100.0,719163.0,0.0,300.0,96.0,0.0,3.0,0.0,3.0,11.0,610.0,2143462.613825941,3513.873137419576,2989.7,37.39703459637562,52.3967625,-1.4728739,11.0
83,"46, Burman Road, Shirley",1949-01-01,25292,25,,100070981274.0,48,0,345,1270,710.0,76.0,1,0,0,0,0,0,0,0,0,0,1,0,0,0,0,0,0,0,0,1,0,0,0,0,0,1,0,0,0,0,0,1,1,0,0,0,1,0,0,0,0,0,0,0,0,0,0,0,0,0,0,0,0,0,0,0,1,0,0,0,1,0,0,0,0,0,1,0,0,0,0,1,0,0,0,0,0,0,0,1,0,0,0,0,1,0,0,0,0,0,0,0,0,0,1,0,0,0,0,0,0,0,0,0,0,0,0,0,0,1,0,0,0,0,0,0,1,0,0,0,0,1,0,0,1,0,0,0,0,E,2.510906539994816,3.0,2.0,4.0,1139.0,103.0,5.0,0.0,2.0,719163.0,0.0,79.0,5.0,3.0,3.0,4.0,2.0,0.0,0.0,-0.1184359420470184,3.0,100.0,719163.0,0.0,429.0,58.0,1.0,3.0,0.0,3.0,88.0,699.0,2566840.632620321,3672.161133934651,3163.9,13.098591549295774,52.404601,-1.8374368,88.0
84,"26, Wixford Grove, Shirley",1966-01-01,25622,25,,100071020338.0,50,0,261,1250,715.0,7.0,0,0,1,0,0,0,0,0,0,0,0,0,0,0,0,0,0,0,1,0,0,1,0,0,0,1,0,0,0,0,0,1,1,0,0,0,0,0,1,0,0,0,0,0,0,0,0,0,0,0,0,0,0,0,0,0,1,0,0,0,0,0,0,1,0,0,1,0,0,0,0,1,0,0,0,0,0,0,0,1,0,0,0,0,1,0,0,0,0,0,0,0,1,0,0,0,0,0,0,0,0,0,1,0,0,0,0,0,1,0,0,0,0,0,0,0,1,0,0,0,0,1,0,0,0,0,0,1,0,E,2.35,3.0,2.0,0.0,1009.0,112.0,3.0,0.0,2.0,719163.0,0.0,78.0,3.0,3.0,2.0,0.0,2.0,0.0,1.0,-0.1284806234685223,3.0,100.0,719163.0,1.0,373.0,105.0,0.0,2.0,0.0,3.0,0.0,674.0,2400477.866666668,3561.539861523246,2955.25,16.363636363636363,52.4082387,-1.8165493,0.0
85,"4, Fairfield Drive",1990-01-01,16923,18,,90077397.0,50,0,189,852,767.0,12.0,1,0,0,0,0,0,0,0,0,0,0,0,0,0,0,0,0,0,1,1,0,0,0,0,0,1,0,0,0,0,0,1,1,0,0,0,1,0,0,0,0,0,0,0,0,0,0,0,0,0,0,0,0,0,1,0,0,0,0,0,1,0,0,0,0,0,1,0,0,0,0,1,0,0,0,0,1,0,0,0,0,0,0,0,0,0,1,0,0,0,0,0,0,0,1,0,0,0,0,0,0,0,1,0,0,0,0,0,0,0,0,0,0,1,0,1,0,0,0,0,0,1,0,1,0,0,0,0,0,E,2.4,3.0,2.0,1.0,1006.0,125.0,5.0,1.0,2.0,719163.0,2.0,128.44,5.0,3.0,2.0,1.0,2.0,2.0,3.0,0.0,3.0,100.0,719163.0,3.0,350.0,118.0,0.0,2.0,0.0,2.0,10.0,982.0,3009114.777686784,3064.271667705483,2642.95,18.51368970013037,52.4720362,-2.0266695,10.0
86,"636, Parkfield Road",1929-01-01,48131,37,,100071184409.0,66,0,337,1494,992.0,18.0,0,0,1,0,0,0,0,0,0,0,0,0,0,0,0,0,0,1,0,0,0,1,0,0,0,1,0,0,0,0,0,1,1,0,0,0,1,0,0,0,0,0,0,0,0,0,0,0,0,0,0,0,0,0,0,0,0,0,1,0,0,0,0,0,1,0,1,0,0,0,0,1,0,0,0,1,0,0,0,0,0,0,0,0,1,0,0,0,0,0,0,0,0,0,0,0,0,0,0,0,1,0,0,1,0,0,0,0,0,0,0,0,1,0,0,0,1,0,0,0,0,1,0,0,1,0,0,0,0,D,2.6,3.0,2.0,2.0,658.0,108.0,5.0,0.0,2.0,719163.0,3.0,84.0,5.0,3.0,0.0,2.0,2.0,3.0,3.0,0.2413091757821597,3.0,100.0,719163.0,3.0,245.0,97.0,2.0,0.0,0.0,3.0,25.0,1052.0,3265663.650666665,3104.243013941697,2510.45,32.056451612903224,52.5666851,-2.1127379,25.0
87,"Apartment 45 Jewel Court, 29, Legge Lane",,138,5,,10093744990.0,82,0,352,1642,674.0,6.0,0,0,0,0,0,0,0,0,1,0,0,0,0,0,0,0,0,0,0,0,1,0,0,0,0,0,0,1,0,0,0,0,0,0,0,0,0,1,0,0,0,0,0,0,0,0,0,0,0,0,0,0,1,0,0,0,0,0,0,0,1,0,0,0,0,0,0,0,1,0,0,0,0,0,0,0,0,1,0,0,0,0,0,0,0,0,0,0,0,0,0,0,0,0,0,1,0,0,0,0,0,0,0,0,0,0,0,0,0,0,0,1,0,0,0,0,0,0,0,0,1,0,0,0,1,0,0,0,0,B,2.276378280207628,3.0,4.0,4.0,155.0,96.0,4.362170868144137,0.0,2.026459912122181,719163.0,2.2179718017578125,46.0,3.8401016903909904,3.0,3.0,4.0,4.0,2.218292236328125,4.0,0.5572567196201703,3.0,131.91368728805037,719163.0,4.0,101.0,36.0,-0.0092186653322415,3.0,0.000248175891467,3.0,100.0,946.0,5279548.82292609,5580.91841746944,5123.299999999999,10.979228486646884,52.4839289,-1.9121876,94.74808656681564
88,"104, Apsley Road",1966-01-01,19596,33,,32079378.0,70,0,242,1073,673.0,48.0,0,0,1,0,0,0,0,0,0,0,1,0,0,0,0,0,0,0,0,0,0,1,0,0,0,1,0,0,0,0,0,1,1,0,0,0,1,0,0,0,0,0,0,0,0,0,0,0,0,0,0,0,0,0,0,1,0,0,0,0,0,0,0,0,0,1,1,0,0,0,0,1,0,0,0,1,0,0,0,0,0,0,0,0,1,0,0,0,0,0,0,0,0,0,1,0,0,0,0,0,0,0,1,0,0,0,0,0,0,0,0,0,1,0,0,0,1,0,0,0,0,1,0,1,0,0,0,0,0,C,2.51,3.0,2.0,3.0,601.0,106.0,4.0,0.0,2.0,719163.0,3.0,91.0,4.0,3.0,3.0,3.0,2.0,3.0,3.0,0.2962328690252902,3.0,100.0,719163.0,3.0,207.0,85.0,1.0,3.0,0.0,3.0,55.0,644.0,2375916.566666666,3689.311438923395,3154.1,13.22436849925706,52.4641453,-2.011887,55.0
89,"9 WILSFORD CLOSE, BIRMINGHAM",1975-01-01,2226,8,,100070565465.0,68,0,112,90,827.0,6.0,0,0,1,0,0,0,0,0,0,0,1,0,0,0,0,0,0,0,0,0,0,1,0,0,0,0,1,0,0,0,0,1,1,0,0,0,1,0,0,0,0,0,0,0,0,0,0,0,0,0,0,0,1,0,0,0,0,0,0,0,0,0,0,1,0,0,1,0,0,0,0,1,0,0,0,0,1,0,0,0,0,0,0,0,1,0,0,0,0,0,0,0,0,0,0,0,0,0,0,1,0,0,0,1,0,0,0,1,0,0,0,0,0,0,0,0,1,0,0,0,0,1,0,0,1,0,0,0,0,D,2.3,3.0,2.0,4.0,635.0,91.0,5.0,0.0,2.0,719163.0,2.0,88.0,5.0,3.0,3.0,4.0,2.0,2.0,0.0,0.0,3.0,100.0,719163.0,0.0,235.0,70.0,0.0,3.0,0.0,3.0,100.0,780.0,2833278.219999998,3632.407974358972,2946.3,21.28174123337364,52.4037214,-1.9051423,91.91426424404892
90,"76, Purlin Wharf",2007-01-01,34763,17,,90164136.0,78,1,181,925,894.0,11.0,0,1,0,0,0,0,0,0,0,0,0,0,0,0,1,0,0,0,0,0,1,0,0,0,0,0,0,0,1,0,0,1,0,0,1,0,0,0,0,0,0,0,0,0,0,0,0,0,0,0,0,0,0,0,1,0,0,0,0,0,0,0,0,0,0,0,1,0,0,0,1,0,0,0,0,0,0,1,0,0,0,0,0,0,0,0,0,1,0,0,0,0,0,0,0,0,0,0,0,0,0,1,0,0,1,0,0,0,0,0,0,0,0,1,0,0,0,1,0,0,0,1,0,0,1,0,0,0,0,C,2.4,1.0,3.0,3.0,186.0,113.0,3.0,0.0,2.0,719163.0,2.2179718017578125,47.84,3.0,0.0,3.0,3.0,3.0,2.21820068359375,4.0,0.0,0.0,100.0,719163.0,4.0,229.0,44.0,0.0,3.0,0.0,2.0,50.0,898.0,3687987.911904761,4106.89077049528,3530.9,13.646532438478747,52.4847189,-2.0741532,50.0
91,"53, Brookland Road",1900-01-01,43268,0,,100071040245.0,60,0,278,1305,719.0,11.0,0,1,0,0,0,0,0,0,0,0,0,0,0,0,0,0,0,0,1,0,0,1,0,0,0,1,0,0,0,0,0,1,1,0,0,0,1,0,0,0,0,0,0,0,0,0,0,0,0,0,0,0,0,0,0,0,0,1,0,0,0,0,0,0,0,1,1,0,0,0,0,1,0,0,0,0,0,0,0,0,1,0,0,0,0,0,1,0,0,0,0,0,0,0,1,0,0,0,0,0,0,0,1,0,0,0,0,0,0,1,0,0,0,0,0,0,1,0,0,0,0,1,0,0,1,0,0,0,0,D,2.7,3.0,3.0,3.0,849.0,122.0,5.0,0.0,2.0,719163.0,3.0,107.17,5.0,4.0,2.0,3.0,3.0,3.0,0.0,0.0,4.0,100.0,719163.0,0.0,285.0,94.0,2.0,2.0,0.0,3.0,50.0,735.0,2351529.557142856,3199.35994169096,2688.0,13.908205841446453,52.6252499,-1.9274166,50.0
92,"56, Lockhurst Lane",1929-01-01,32850,13,,100070672329.0,65,0,130,632,609.0,28.0,0,0,1,0,0,0,0,0,0,0,0,0,0,0,0,0,0,1,0,0,0,1,0,0,0,1,0,0,0,0,0,1,1,0,0,0,1,0,0,0,0,0,0,0,0,0,0,0,0,0,0,0,0,1,0,0,0,0,0,0,0,0,0,0,1,0,1,0,0,0,0,1,0,0,0,0,1,0,0,0,0,0,0,0,1,0,0,0,0,0,0,0,0,0,0,0,0,0,0,0,1,0,0,1,0,0,0,0,0,1,0,0,0,0,0,0,1,0,0,0,0,1,0,0,1,0,0,0,0,D,2.5460800031593296,3.0,2.0,4.0,581.0,92.0,4.0,0.0,2.0,719163.0,2.0,72.0,4.0,3.0,0.0,4.0,2.0,2.0,0.0,0.2751388902831508,3.0,100.0,719163.0,0.0,265.0,67.0,1.0,0.0,0.0,3.0,75.0,702.0,2401244.794999999,3420.576631054129,2710.15,36.7816091954023,52.4265212,-1.5023007,75.0
93,"45, Templar Avenue",,30776,15,,10024623867.0,80,0,153,735,650.0,6.0,0,0,0,0,0,0,0,0,0,0,1,0,0,0,0,0,0,0,0,0,0,1,0,0,0,0,0,1,0,0,0,0,0,0,0,0,0,0,0,0,1,0,0,0,0,0,0,0,0,0,0,0,0,1,0,0,0,0,0,0,0,0,0,1,0,0,1,0,0,0,0,0,0,0,0,0,0,0,1,0,0,0,0,0,0,0,1,0,0,0,0,0,0,0,0,1,0,0,0,0,0,0,0,0,0,0,1,0,0,0,0,0,0,0,0,0,1,0,0,0,0,0,0,0,1,0,0,0,0,C,2.3090152649104425,3.0,3.0,4.0,259.0,82.0,4.179398919026478,0.0,2.0164753368407418,719163.0,4.0,61.0,4.010924941435468,3.0,3.0,4.0,3.0,4.0,4.0,0.6688465054337669,3.0,110.95075584436609,719163.0,4.0,113.0,40.0,0.1118465096132003,3.0,0.000248345510259,3.0,91.41237454145256,701.0,2205077.085897436,3145.616385017741,2705.1,16.0,52.4005179,-1.5706357,88.7068245605443
94,"6, Round Saw Croft, Rubery, Rednal",1975-01-01,16073,6,,100070500035.0,71,0,116,253,796.0,7.0,1,0,0,0,0,0,0,0,0,0,1,0,0,0,0,0,0,0,0,0,0,1,0,0,0,1,0,0,0,0,0,1,0,0,0,0,1,0,0,0,0,0,0,0,0,0,0,0,0,0,0,0,1,0,0,0,0,0,0,0,0,0,0,0,0,1,1,0,0,0,0,1,0,0,0,1,0,0,0,0,0,0,0,0,1,0,0,0,0,0,0,0,0,0,0,0,0,0,0,0,1,0,0,1,0,0,0,0,0,0,0,0,1,0,0,0,1,0,0,0,0,1,0,0,1,0,0,0,0,C,2.382427985944582,3.0,2.0,0.0,412.0,99.0,4.0,0.0,2.0,719163.0,3.0,78.0,4.0,3.0,3.0,0.0,2.0,3.0,3.0,0.0,3.0,100.0,719163.0,3.0,170.0,89.0,0.0,3.0,0.0,3.0,0.0,761.0,2329471.9,3061.066885676741,2489.6,29.773869346733665,52.4000977,-2.0212734,0.0
95,"36 ARTHUR ROAD, EDGBASTON",1966-01-01,2840,1,,100070278926.0,40,0,73,1660,897.0,2.0,0,1,0,0,0,0,0,0,0,0,1,0,0,0,0,0,0,0,0,0,0,1,0,0,0,0,1,0,0,0,0,1,1,0,0,0,0,0,1,0,0,0,0,0,0,0,0,0,0,0,0,0,1,0,0,0,0,0,0,0,1,0,0,0,0,0,0,1,0,0,0,1,0,0,0,1,0,0,0,0,0,0,0,0,1,0,0,0,0,0,0,0,0,0,1,0,0,0,0,0,0,0,1,0,0,0,0,0,0,0,0,0,1,0,1,0,0,0,0,0,0,1,0,0,0,0,1,0,0,E,2.54,2.0,1.0,4.0,2277.0,867.0,8.0,1.0,2.0,719163.0,4.0,216.0,8.0,0.0,3.0,4.0,1.0,4.0,2.0,0.0,2.0,50.0,719163.0,2.0,384.0,164.0,0.0,3.0,0.0,0.0,70.0,859.0,4819295.077998474,5610.355154829423,3929.2,21.62764771460424,52.4636205,-1.9146858,70.0
96,"37, Quinton Road",1949-01-01,3479,1,,100070488099.0,69,0,80,1640,1127.0,6.0,0,0,1,0,0,0,0,0,0,0,1,0,0,0,0,0,0,0,0,0,0,1,0,0,0,1,0,0,0,0,0,1,1,0,0,0,0,0,1,0,0,0,0,0,0,0,0,0,0,0,0,0,1,0,0,0,0,0,0,0,0,0,0,0,1,0,1,0,0,0,0,1,0,0,0,1,0,0,0,0,0,0,0,0,1,0,0,0,0,0,0,0,0,0,0,0,0,0,0,0,1,0,0,1,0,0,0,0,0,1,0,0,0,0,0,0,1,0,0,0,0,1,0,0,1,0,0,0,0,C,2.489475976476842,3.0,2.0,4.0,611.0,100.0,5.0,0.0,2.0,719163.0,3.0,91.0,5.0,3.0,3.0,4.0,2.0,3.0,0.0,0.3054327444929741,3.0,100.0,719163.0,0.0,222.0,67.0,1.0,3.0,0.0,3.0,100.0,1059.0,3841326.251764706,3627.314685330223,2809.9,21.91659272404614,52.4484834,-1.9495562,92.49542311122484
97,"5, Dovecote Close",1995-01-01,35893,35,,32059755.0,67,0,221,1033,897.0,6.0,1,0,0,0,0,0,0,0,0,0,0,0,0,0,0,0,0,0,1,0,0,1,0,0,0,1,0,0,0,0,0,1,1,0,0,0,1,0,0,0,0,0,0,0,0,0,0,0,0,0,0,0,0,0,0,1,0,0,0,0,1,0,0,0,0,0,1,0,0,0,0,1,0,0,0,1,0,0,0,0,0,0,0,0,1,0,0,0,0,1,0,0,0,0,0,0,0,0,0,0,0,0,1,0,0,0,0,0,0,0,0,0,0,1,0,0,1,0,0,0,0,1,0,0,1,0,0,0,0,D,2.354627948366386,3.0,2.0,4.0,559.0,135.0,4.0,0.0,2.0,719163.0,3.0,74.0,4.0,3.0,2.0,4.0,2.0,3.0,3.0,0.341090847299089,3.0,100.0,719163.0,3.0,243.0,49.0,0.0,2.0,0.0,3.0,100.0,867.0,3055014.643956045,3523.661642394516,2950.0,14.715719063545151,52.5272199,-2.0448926,92.71612641098724
98,"36, Mere Road",1929-01-01,6029,2,,100070450232.0,51,0,28,484,702.0,74.0,1,0,0,0,0,0,0,0,0,0,0,0,0,0,0,0,0,1,0,0,0,1,0,0,0,1,0,0,0,0,0,1,1,0,0,0,0,0,1,0,0,0,0,0,0,0,0,0,0,0,0,0,1,0,0,0,0,0,0,0,0,0,0,0,1,0,1,0,0,0,0,1,0,0,0,0,0,0,0,1,0,0,0,0,1,0,0,0,1,0,0,0,0,0,0,0,0,0,0,0,0,0,0,1,0,0,0,0,0,1,0,0,0,0,0,0,1,0,0,0,0,1,0,0,1,0,0,0,0,E,2.3,3.0,2.0,3.0,1320.0,122.0,6.0,0.0,2.0,719163.0,0.0,114.0,6.0,3.0,0.0,3.0,2.0,0.0,0.0,0.2728106845321738,3.0,100.0,719163.0,0.0,347.0,98.0,1.0,0.0,0.0,3.0,56.0,698.0,2661898.546666666,3813.608233046799,3130.05,32.33618233618233,52.5199617,-1.8591932,56.0
99,"9, Helston Road",1975-01-01,42290,32,,100071059020.0,60,0,306,1378,697.0,3.0,1,0,0,0,0,0,0,0,0,0,0,0,0,0,0,0,0,0,1,0,0,1,0,0,0,1,0,0,0,0,0,1,0,0,0,0,0,0,1,0,0,0,0,0,0,0,0,0,0,0,0,0,0,0,0,0,0,1,0,0,0,0,0,0,0,1,1,0,0,0,0,1,0,0,0,1,0,0,0,0,0,0,0,0,1,0,0,0,0,0,0,0,0,0,1,0,0,0,0,0,0,0,1,0,0,0,0,0,0,0,0,0,1,0,1,0,0,0,0,0,0,1,0,1,0,0,0,0,0,D,2.347519467855183,3.0,2.0,2.0,688.0,224.0,5.0,0.0,2.0,719163.0,4.0,100.0,5.0,2.0,2.0,2.0,2.0,4.0,3.0,0.0,3.0,100.0,719163.0,3.0,241.0,92.0,0.0,2.0,0.0,2.0,33.0,674.0,2691738.3,3993.677002967359,3217.85,9.612625538020088,52.5709651,-1.9499107,33.0
